# Blender 3.4.1
# www.blender.org
mtllib Flashlight.mtl
o Cylinder
v 0.000000 1.685837 -0.311274
v 0.000000 2.338202 -0.305372
v 0.155637 1.685837 -0.269571
v 0.152686 2.338202 -0.264460
v 0.269571 1.685837 -0.155637
v 0.264460 2.338202 -0.152686
v 0.310024 1.687456 0.004402
v 0.304122 2.339821 0.004402
v 0.268379 1.621320 0.160219
v 0.262857 2.412126 0.156782
v 0.155692 1.576990 0.269909
v 0.152352 2.456344 0.263813
v -0.000539 1.576482 0.311419
v -0.001742 2.457814 0.304182
v -0.152604 1.624284 0.273113
v -0.150575 2.425613 0.267066
v -0.265917 1.691203 0.159168
v -0.260806 2.343569 0.156218
v -0.311274 1.685837 -0.000000
v -0.305372 2.338202 0.000000
v -0.269571 1.685837 -0.155637
v -0.264460 2.338202 -0.152686
v -0.155637 1.685837 -0.269571
v -0.152686 2.338202 -0.264460
v 0.178061 2.579368 -0.308411
v -0.000000 2.579368 -0.356123
v 0.308411 2.579368 -0.178061
v 0.356123 2.579368 0.000000
v 0.308411 2.579368 0.178061
v 0.178061 2.579368 0.308411
v 0.000000 2.579368 0.356123
v -0.178061 2.579368 0.308411
v -0.308411 2.579368 0.178061
v -0.356123 2.579368 0.000000
v -0.308411 2.579368 -0.178061
v -0.178061 2.579368 -0.308411
v 0.185485 2.645643 -0.321269
v 0.000000 2.645643 -0.370969
v 0.321269 2.645643 -0.185485
v 0.370969 2.645643 0.000000
v 0.321269 2.645643 0.185485
v 0.185485 2.645643 0.321269
v 0.000000 2.645643 0.370969
v -0.185485 2.645643 0.321269
v -0.321269 2.645643 0.185485
v -0.370969 2.645643 0.000000
v -0.321269 2.645643 -0.185485
v -0.185485 2.645643 -0.321269
v 0.182660 3.182916 -0.360741
v 0.000000 3.182916 -0.421178
v 0.360741 3.182916 -0.182660
v 0.421178 3.182916 -0.000000
v 0.360741 3.182916 0.182660
v 0.182660 3.182916 0.360741
v 0.000000 3.182916 0.421178
v -0.182660 3.182916 0.360741
v -0.360741 3.182916 0.182660
v -0.421178 3.182916 -0.000000
v -0.360741 3.182916 -0.182660
v -0.182660 3.182916 -0.360741
v 0.449074 2.930918 0.000000
v 0.388910 2.930918 0.224537
v -0.388910 2.930918 -0.224537
v -0.224537 2.930918 -0.388910
v -0.000000 2.930918 -0.449074
v 0.224537 2.930918 -0.388910
v -0.224537 2.930918 0.388910
v -0.388910 2.930918 0.224537
v 0.224537 2.930918 0.388910
v 0.388910 2.930918 -0.224537
v -0.449074 2.930918 0.000000
v 0.000000 2.930918 0.449074
v 0.448368 3.064855 -0.000000
v -0.388298 3.064855 -0.224184
v -0.000000 3.064855 -0.448368
v -0.224184 3.064855 0.388298
v 0.388298 3.064855 0.224184
v -0.224184 3.064855 -0.388298
v 0.224184 3.064855 -0.388298
v -0.388298 3.064855 0.224184
v 0.224184 3.064855 0.388298
v 0.388298 3.064855 -0.224184
v -0.448368 3.064855 -0.000000
v 0.000000 3.064855 0.448368
v 0.357087 2.783132 0.206164
v -0.206164 2.783132 -0.357087
v 0.206164 2.783132 -0.357087
v -0.357087 2.783132 0.206164
v 0.206164 2.783132 0.357087
v 0.357087 2.783132 -0.206164
v -0.412329 2.783132 0.000000
v 0.000000 2.783132 0.412329
v 0.412329 2.783132 0.000000
v -0.357087 2.783132 -0.206164
v 0.000000 2.783132 -0.412329
v -0.206164 2.783132 0.357087
v 0.131614 1.978953 0.246008
v -0.006258 1.978863 0.282125
v 0.131703 2.100837 0.244760
v -0.005097 2.101592 0.280834
v 0.144046 2.281070 0.267968
v 0.144160 1.788164 0.269711
v 0.004740 1.786355 0.304907
v 0.005622 2.286080 0.303345
v 0.217109 2.213093 0.215902
v 0.215911 1.859934 0.218713
v -0.093383 1.854273 0.293294
v -0.089838 2.219819 0.292933
v -0.098574 2.116194 0.290371
v -0.102892 1.954720 0.289771
v 0.220196 1.965028 0.213290
v 0.221231 2.119076 0.211629
v -0.147816 2.101897 0.275313
v -0.141867 2.203792 0.276598
v -0.149240 1.976422 0.275312
v -0.142196 1.859869 0.277908
v 0.257780 2.205093 0.171455
v 0.262694 2.099343 0.166980
v 0.262440 1.981396 0.167722
v 0.258052 1.860375 0.173097
v 0.150979 2.040197 0.243199
v -0.023822 2.040669 0.289740
v 0.063974 1.945530 0.268948
v 0.064220 2.135964 0.266986
v 0.138203 2.041306 0.317068
v 0.145447 2.010638 0.245031
v -0.018273 2.011077 0.288603
v 0.098967 1.949130 0.256904
v 0.099095 2.131781 0.255377
v 0.145429 2.069788 0.244337
v -0.018290 2.070228 0.287909
v 0.027722 1.949110 0.275763
v 0.029002 2.132434 0.274070
v 0.134274 2.064282 0.317888
v 0.124604 2.084377 0.320381
v 0.106672 2.093605 0.325208
v 0.106702 1.989166 0.326433
v 0.037952 1.998551 0.345405
v 0.028278 2.018634 0.347899
v 0.124620 1.998294 0.321393
v 0.134297 2.018335 0.318424
v 0.152566 2.005360 0.276845
v 0.133659 1.975360 0.282265
v -0.008671 2.005842 0.320042
v 0.010254 1.975729 0.315327
v 0.105356 1.955361 0.290085
v 0.105305 2.126551 0.288078
v 0.133620 2.106383 0.280729
v 0.152545 2.076269 0.276013
v 0.159198 2.040795 0.274650
v -0.008692 2.076752 0.319211
v -0.015323 2.041317 0.321406
v 0.038569 1.955561 0.307978
v 0.071965 1.948408 0.299114
v 0.038519 2.126751 0.305971
v 0.071910 2.133703 0.296941
v 0.010215 2.106752 0.313791
v 0.028268 2.064618 0.347359
v 0.024356 2.041630 0.348718
v 0.055880 1.989312 0.340579
v 0.081294 1.984971 0.333556
v 0.055862 2.093788 0.339350
v 0.081265 2.097964 0.332229
v 0.081242 2.065020 0.332625
v 0.081316 2.017915 0.333160
v 0.081279 2.041467 0.332893
v 0.047513 2.041593 0.342360
v 0.115045 2.041342 0.323425
v 0.037941 2.084648 0.344392
v 0.113123 2.018425 0.324235
v 0.049497 2.018586 0.342075
v 0.049459 2.064584 0.341543
v 0.113036 2.064275 0.323718
v -0.051687 1.977382 0.294534
v 0.124322 1.911298 0.268030
v 0.022002 2.172573 0.297198
v 0.125637 2.168952 0.269683
v 0.013350 1.910146 0.296182
v 0.180716 1.980330 0.239137
v -0.045292 2.094077 0.295114
v 0.180921 2.091713 0.239162
v 0.000000 3.163865 -0.338393
v 0.343265 3.182916 0.000000
v -0.338393 3.163865 -0.000000
v 0.000000 3.182916 0.343265
v -0.246307 3.182916 -0.246307
v 0.246307 3.182916 -0.246307
v -0.246307 3.182916 0.246307
v 0.246307 3.182916 0.246307
v -0.201225 2.972169 -0.201225
v -0.151956 3.182916 -0.309350
v 0.309350 3.182916 -0.151956
v -0.151956 3.182916 0.309350
v 0.309350 3.182916 0.151956
v -0.309350 3.182916 -0.151956
v 0.151956 3.182916 -0.309350
v -0.309350 3.182916 0.151956
v 0.151956 3.182916 0.309350
v -0.274952 2.972169 -0.098849
v 0.274952 2.972169 0.098849
v -0.000259 2.974157 0.307292
v -0.100402 2.972169 0.275125
v 0.307293 2.974157 -0.000259
v 0.275125 2.972169 -0.100402
v 0.000259 2.974156 -0.307292
v -0.098848 2.972169 -0.274952
v -0.122021 3.074899 -0.294584
v 0.000000 3.074899 -0.318855
v 0.294584 3.074899 -0.122021
v 0.318855 3.074899 0.000000
v -0.122021 3.074899 0.294584
v 0.000000 3.074899 0.318855
v 0.294584 3.074899 0.122021
v -0.294584 3.074899 -0.122021
v -0.225465 3.074899 -0.225465
v 0.122021 3.074899 -0.294584
v 0.225465 3.074899 -0.225465
v -0.294584 3.074899 0.122021
v -0.225465 3.074899 0.225465
v 0.122021 3.074899 0.294584
v 0.225465 3.074899 0.225465
v -0.318855 3.074899 0.000000
v 0.100402 2.972169 -0.275125
v 0.202261 2.972169 -0.202261
v -0.275125 2.972169 0.100402
v -0.202261 2.972169 0.202261
v 0.098849 2.972169 0.274952
v 0.201226 2.972169 0.201226
v 0.100432 2.968194 0.100432
v -0.100432 2.968194 -0.100432
v 0.000000 2.968194 0.000000
v 0.104574 2.968194 -0.104574
v -0.104574 2.968194 0.104574
v -0.307292 2.974156 0.000259
v -0.196964 2.968194 0.003452
v 0.003452 2.968194 -0.196964
v 0.196964 2.968194 -0.003452
v -0.003452 2.968194 0.196964
v 0.000000 0.043961 0.307731
v 0.153865 -0.006159 0.266503
v 0.266503 -0.006157 0.153865
v 0.000000 0.043965 -0.307731
v -0.153865 -0.006524 0.266503
v -0.266503 -0.006523 0.153865
v -0.307731 0.043961 0.000000
v 0.153865 -0.006524 -0.266503
v -0.266503 -0.006157 -0.153865
v -0.153865 -0.006155 -0.266503
v 0.266503 -0.006525 -0.153865
v 0.307731 0.043961 0.000000
v -0.148061 2.264071 0.272554
v 0.160286 2.522262 -0.277624
v 0.277624 2.522262 -0.160286
v -0.320573 2.522262 0.000000
v -0.277624 2.522262 -0.160286
v -0.277624 2.522262 0.160286
v -0.160286 2.522262 0.277624
v 0.000000 2.522262 0.320573
v 0.160286 2.522262 0.277624
v 0.277624 2.522262 0.160286
v 0.320573 2.522262 0.000000
v -0.160286 2.522262 -0.277624
v 0.000000 2.522262 -0.320573
v 0.443104 3.147104 -0.000000
v -0.383740 3.147104 -0.221552
v -0.000000 3.147104 -0.443104
v -0.221552 3.147103 0.383740
v 0.383740 3.147104 0.221552
v -0.221552 3.147104 -0.383740
v 0.221552 3.147104 -0.383740
v -0.383740 3.147103 0.221552
v 0.221552 3.147103 0.383740
v 0.383740 3.147104 -0.221552
v -0.443105 3.147103 -0.000000
v 0.000000 3.147103 0.443105
v 0.219358 3.178440 -0.379940
v 0.000000 3.178440 -0.438717
v 0.379940 3.178440 -0.219358
v 0.438717 3.178440 -0.000000
v 0.379940 3.178439 0.219358
v 0.219358 3.178439 0.379940
v 0.000000 3.178439 0.438717
v -0.219358 3.178439 0.379940
v -0.379940 3.178439 0.219358
v -0.438717 3.178439 -0.000000
v -0.379940 3.178439 -0.219358
v -0.219358 3.178440 -0.379940
v -0.129497 3.163864 -0.312635
v 0.000000 3.182916 -0.343265
v 0.312635 3.163865 -0.129497
v 0.338393 3.163865 0.000000
v -0.129497 3.163865 0.312635
v 0.000000 3.163865 0.338393
v 0.312635 3.163865 0.129497
v -0.312635 3.163864 -0.129498
v -0.239280 3.163864 -0.239280
v 0.129498 3.163864 -0.312635
v 0.239280 3.163865 -0.239280
v -0.312635 3.163865 0.129497
v -0.239280 3.163865 0.239280
v 0.129498 3.163865 0.312635
v 0.239280 3.163865 0.239280
v -0.343265 3.182916 -0.000000
v 0.056046 2.105172 0.338178
v 0.081068 2.110417 0.331362
v 0.056079 1.977897 0.339672
v 0.081104 1.972501 0.332981
v 0.020803 2.067725 0.348131
v 0.015920 2.041650 0.349756
v 0.141355 2.067368 0.315600
v 0.146252 2.041268 0.314588
v 0.106093 2.105021 0.324672
v 0.127276 2.089842 0.319134
v 0.106126 1.977746 0.326166
v 0.127301 1.992799 0.320273
v 0.020817 2.015551 0.348743
v 0.034896 1.993076 0.345210
v 0.141369 2.015193 0.316213
v 0.034871 2.090119 0.344070
v 0.075877 1.953629 0.313661
v -0.006656 2.041475 0.334738
v 0.152086 2.007477 0.292605
v 0.044253 2.122254 0.320143
v 0.158357 2.040982 0.290529
v 0.044301 1.960391 0.322042
v 0.017492 2.103345 0.327537
v -0.000385 2.074979 0.332662
v 0.107448 1.960202 0.305123
v 0.134210 1.979112 0.297729
v 0.152066 2.074523 0.291818
v 0.134173 2.102996 0.296277
v -0.000365 2.007934 0.333448
v 0.017528 1.979461 0.328990
v 0.107400 2.122065 0.303225
v 0.075825 2.128828 0.311606
v 0.079517 1.965946 0.327116
v 0.008438 2.041602 0.345268
v 0.052323 1.971770 0.334334
v 0.013838 2.070456 0.343481
v 0.129754 1.987893 0.313396
v 0.129723 2.094585 0.312145
v 0.029266 1.988193 0.340318
v 0.079472 2.116832 0.325347
v 0.145150 2.012322 0.308982
v 0.052281 2.111170 0.332699
v 0.150550 2.041176 0.307194
v 0.029234 2.094885 0.339067
v 0.106707 1.971608 0.319764
v 0.145133 2.070063 0.308305
v 0.013855 2.012715 0.344158
v 0.106666 2.111007 0.318129
v 0.163605 1.984286 0.238952
v 0.024899 2.158110 0.286746
v 0.114471 1.924752 0.262142
v 0.017963 1.923804 0.286824
v 0.115534 2.155468 0.262836
v 0.164124 2.089808 0.238659
v -0.037757 1.982173 0.288016
v -0.031950 2.092069 0.287676
v 0.131912 2.192645 0.270081
v -0.058086 2.104460 0.295752
v 0.010391 1.886818 0.299367
v 0.191392 1.971101 0.234796
v -0.063888 1.966838 0.295001
v 0.131018 1.887603 0.269179
v 0.191341 2.104348 0.234506
v 0.017247 2.196285 0.300198
v 0.270303 0.283758 0.156060
v 0.156060 0.283758 0.270303
v 0.000000 0.283758 0.312119
v -0.156060 0.283758 0.270303
v -0.270303 0.283758 0.156060
v -0.312119 0.283758 0.000000
v 0.156060 0.283758 -0.270303
v -0.270303 0.283758 -0.156060
v 0.270303 0.283758 -0.156060
v 0.000000 0.283758 -0.312120
v -0.156060 0.283758 -0.270303
v 0.312119 0.283758 0.000000
v -0.000000 1.508770 -0.328818
v 0.164409 1.508770 -0.284765
v 0.284765 1.508770 -0.164409
v 0.328818 1.508770 -0.000000
v 0.284765 1.508770 0.164409
v 0.164409 1.508770 0.284765
v 0.000000 1.508770 0.328818
v -0.164409 1.508770 0.284765
v -0.284765 1.508770 0.164409
v -0.328818 1.508770 -0.000000
v -0.284765 1.508770 -0.164409
v -0.164409 1.508770 -0.284765
v 0.284765 0.354097 0.164409
v 0.164409 0.354097 0.284765
v 0.000000 0.354097 0.328818
v -0.164409 0.354097 0.284765
v -0.284765 0.354097 0.164409
v -0.328818 0.354097 0.000000
v 0.164409 0.354097 -0.284765
v -0.284765 0.354097 -0.164409
v 0.284765 0.354097 -0.164409
v -0.000000 0.354098 -0.328818
v -0.164409 0.354097 -0.284765
v 0.328818 0.354097 0.000000
v -0.000000 1.303338 -0.329782
v 0.164891 1.303338 -0.285600
v 0.285600 1.303338 -0.164891
v 0.329782 1.303338 0.000000
v 0.285600 1.303338 0.164891
v 0.164891 1.303338 0.285600
v 0.000000 1.303338 0.329782
v -0.164891 1.303338 0.285600
v -0.285600 1.303338 0.164891
v -0.329782 1.303338 0.000000
v -0.285600 1.303338 -0.164891
v -0.164891 1.303338 -0.285600
v 0.285600 0.559530 0.164891
v 0.164891 0.559530 0.285600
v 0.000000 0.559530 0.329782
v -0.164891 0.559530 0.285600
v -0.285600 0.559530 0.164891
v -0.329782 0.559530 0.000000
v 0.164891 0.559530 -0.285600
v -0.285600 0.559530 -0.164891
v 0.285600 0.559530 -0.164891
v 0.000000 0.559529 -0.329782
v -0.164891 0.559530 -0.285600
v 0.329782 0.559530 0.000000
v 0.222464 3.000829 0.222464
v -0.120397 3.000829 0.290664
v -0.222464 3.000829 0.222464
v 0.290664 3.000829 -0.120397
v 0.222464 3.000829 -0.222464
v -0.120397 3.000829 -0.290663
v 0.000000 3.000829 0.314612
v 0.120397 3.000829 0.290664
v -0.222464 3.000829 -0.222464
v -0.290663 3.000829 -0.120397
v -0.314612 3.000829 0.000000
v -0.290663 3.000829 0.120397
v 0.290664 3.000829 0.120397
v 0.314612 3.000829 0.000000
v 0.120397 3.000829 -0.290663
v 0.000000 3.000829 -0.314612
v 0.080547 1.685837 -0.300604
v 0.079020 2.338202 -0.294905
v 0.000000 2.012027 -0.305976
v 0.152988 2.012027 -0.264983
v 0.220058 1.685837 -0.220058
v 0.215885 2.338202 -0.215885
v 0.264983 2.012027 -0.152988
v 0.300448 1.686039 -0.079996
v 0.294749 2.338405 -0.078469
v 0.303163 2.015669 0.009904
v 0.297810 1.676949 0.090479
v 0.292022 2.355503 0.088870
v 0.261588 1.789605 0.166295
v 0.219870 1.591056 0.220949
v 0.215317 2.442686 0.215905
v 0.151650 1.683654 0.266859
v 0.080552 1.572022 0.300910
v 0.078616 2.461359 0.294135
v -0.000171 1.682261 0.306411
v -0.081377 1.590673 0.300930
v -0.082312 2.447612 0.293638
v -0.145005 1.795383 0.274951
v -0.211921 1.685222 0.228016
v -0.207841 2.366251 0.223687
v -0.256762 2.024101 0.160934
v -0.300148 1.686507 0.080988
v -0.294448 2.338873 0.079461
v -0.305976 2.012027 -0.000000
v -0.300604 1.685837 -0.080547
v -0.294905 2.338202 -0.079020
v -0.264983 2.012027 -0.152988
v -0.220058 1.685837 -0.220058
v -0.215885 2.338202 -0.215885
v -0.152988 2.012027 -0.264983
v -0.080547 1.685837 -0.300604
v -0.079020 2.338202 -0.294905
v 0.092152 2.579368 -0.343916
v 0.251764 2.579368 -0.251764
v 0.343916 2.579368 -0.092152
v 0.343916 2.579368 0.092152
v 0.251764 2.579368 0.251764
v 0.092152 2.579368 0.343916
v -0.092152 2.579368 0.343916
v -0.251764 2.579368 0.251764
v -0.343916 2.579368 0.092152
v -0.343916 2.579368 -0.092152
v -0.251764 2.579368 -0.251764
v -0.092152 2.579368 -0.343916
v 0.169634 2.549179 -0.293814
v 0.267986 2.486445 -0.154722
v -0.339267 2.549179 0.000000
v -0.267986 2.486445 -0.154722
v -0.293814 2.549179 0.169634
v -0.169634 2.549179 0.293814
v 0.000000 2.549179 0.339267
v 0.169634 2.549179 0.293814
v 0.293814 2.549179 0.169634
v 0.339267 2.549179 0.000000
v -0.169634 2.549179 -0.293814
v 0.000000 2.486445 -0.309443
v 0.095994 2.645643 -0.358254
v 0.262260 2.645643 -0.262260
v 0.358254 2.645643 -0.095994
v 0.358254 2.645643 0.095994
v 0.262260 2.645643 0.262260
v 0.095994 2.645643 0.358254
v -0.095994 2.645643 0.358254
v -0.262260 2.645643 0.262260
v -0.358254 2.645643 0.095994
v -0.358254 2.645643 -0.095994
v -0.262260 2.645643 -0.262260
v -0.095994 2.645643 -0.358254
v 0.363529 2.607004 0.000000
v 0.314825 2.607004 0.181764
v -0.314825 2.607004 -0.181764
v -0.181764 2.607004 -0.314825
v 0.000000 2.607004 -0.363529
v 0.181764 2.607003 -0.314825
v -0.181764 2.607004 0.314825
v -0.314825 2.607004 0.181764
v 0.181764 2.607004 0.314825
v 0.314825 2.607004 -0.181764
v -0.363529 2.607004 0.000000
v 0.000000 2.607004 0.363529
v 0.113524 3.178439 -0.423679
v 0.310155 3.178439 -0.310155
v 0.423679 3.178439 -0.113525
v 0.423679 3.178439 0.113524
v 0.310155 3.178439 0.310155
v 0.113525 3.178439 0.423679
v -0.113525 3.178439 0.423679
v -0.310155 3.178439 0.310155
v -0.423679 3.178439 0.113525
v -0.423679 3.178439 -0.113525
v -0.310155 3.178439 -0.310155
v -0.113525 3.178439 -0.423679
v 0.441573 3.167808 -0.000000
v 0.336554 2.707887 0.194310
v -0.382413 3.167808 -0.220786
v -0.194310 2.707887 -0.336554
v 0.000000 3.167808 -0.441573
v 0.194310 2.707886 -0.336554
v -0.220786 3.167808 0.382413
v -0.336554 2.707887 0.194310
v 0.194310 2.707887 0.336554
v 0.336554 2.707887 -0.194310
v -0.388619 2.707887 0.000000
v 0.000000 2.707887 0.388619
v 0.434626 2.857965 0.000000
v 0.391294 3.001960 0.225914
v -0.376397 2.857965 -0.217313
v -0.225914 3.001960 -0.391294
v -0.000000 2.857965 -0.434626
v 0.225914 3.001960 -0.391294
v -0.217313 2.857965 0.376397
v -0.391294 3.001960 0.225914
v 0.225914 3.001960 0.391294
v 0.391294 3.001960 -0.225914
v -0.451828 3.001960 -0.000000
v 0.000000 3.001960 0.451828
v -0.116205 2.930918 0.433682
v -0.433682 2.930918 -0.116205
v 0.433682 2.930918 -0.116205
v 0.116205 2.930918 0.433682
v -0.433682 2.930918 0.116205
v 0.317477 2.930918 -0.317477
v -0.116205 2.930918 -0.433682
v 0.317477 2.930918 0.317477
v -0.317477 2.930918 0.317477
v 0.116205 2.930918 -0.433682
v -0.317477 2.930918 -0.317477
v 0.433682 2.930918 0.116205
v 0.451828 3.001960 -0.000000
v -0.391294 3.001960 -0.225914
v 0.000000 3.001960 -0.451828
v -0.225914 3.001960 0.391294
v 0.385502 3.113321 0.222570
v -0.222570 3.113320 -0.385502
v 0.222570 3.113321 -0.385502
v -0.385502 3.113321 0.222570
v 0.222570 3.113321 0.385502
v 0.385502 3.113321 -0.222570
v -0.445139 3.113321 -0.000000
v 0.000000 3.113321 0.445139
v -0.116022 3.064855 0.432999
v -0.432999 3.064855 -0.116022
v 0.432999 3.064855 -0.116022
v 0.116022 3.064855 0.432999
v -0.432999 3.064855 0.116022
v 0.316978 3.064855 -0.316978
v -0.116022 3.064855 -0.432999
v 0.316978 3.064855 0.316978
v -0.316978 3.064855 0.316978
v 0.116022 3.064855 -0.432999
v -0.316978 3.064855 -0.316978
v 0.432999 3.064855 0.116022
v 0.376397 2.857965 0.217313
v -0.217313 2.857965 -0.376397
v 0.217313 2.857965 -0.376397
v -0.376398 2.857965 0.217313
v 0.217313 2.857965 0.376398
v 0.376398 2.857965 -0.217313
v -0.434626 2.857965 0.000000
v 0.000000 2.857965 0.434626
v 0.388619 2.707887 0.000000
v -0.336554 2.707887 -0.194310
v 0.000000 2.707886 -0.388619
v -0.194310 2.707887 0.336554
v 0.398196 2.783132 0.106696
v -0.291500 2.783132 -0.291500
v 0.106696 2.783132 -0.398196
v -0.291500 2.783132 0.291500
v 0.291500 2.783132 0.291500
v -0.106696 2.783132 -0.398196
v 0.291500 2.783132 -0.291500
v -0.398196 2.783132 0.106696
v 0.106696 2.783132 0.398196
v 0.398196 2.783132 -0.106696
v -0.398196 2.783132 -0.106696
v -0.106696 2.783132 0.398196
v 0.140290 2.001527 0.243215
v -0.014763 2.001817 0.284180
v 0.118089 1.960171 0.250988
v 0.122454 2.163490 0.267755
v 0.023173 2.166836 0.294024
v 0.118140 2.120055 0.249560
v 0.150340 2.367978 0.263647
v 0.137498 1.855098 0.269779
v 0.007223 1.853465 0.302104
v -0.002549 2.371999 0.302394
v 0.192885 2.247320 0.236723
v 0.216278 1.906138 0.217292
v 0.192400 1.822072 0.239169
v 0.077530 1.775721 0.294206
v 0.077818 2.295237 0.292692
v -0.058904 1.818583 0.300465
v -0.091614 2.176207 0.292107
v -0.057433 2.254477 0.299187
v -0.103390 2.034662 0.289397
v -0.073265 2.114105 0.294680
v -0.097549 1.898095 0.291463
v -0.078376 1.957308 0.293997
v 0.222443 2.042925 0.210894
v 0.201590 1.964333 0.228726
v 0.217812 2.173010 0.214711
v 0.202121 2.115485 0.227629
v -0.152522 2.142085 0.272189
v -0.126811 2.113355 0.283357
v -0.146114 2.231483 0.273221
v -0.116064 2.228508 0.285934
v -0.154273 2.041082 0.272026
v -0.129566 1.958090 0.283098
v -0.153967 1.938902 0.272489
v -0.116950 1.840662 0.287172
v 0.259872 2.261831 0.164512
v 0.237108 2.223421 0.195897
v 0.266208 2.134211 0.160645
v 0.245176 2.115939 0.188237
v 0.266884 2.039461 0.160361
v 0.244462 1.969337 0.189556
v 0.266103 1.938514 0.161657
v 0.236568 1.845929 0.198390
v 0.148975 2.053391 0.240789
v -0.023161 2.053826 0.286452
v 0.050051 1.944752 0.270284
v 0.050668 2.136831 0.268501
v 0.068310 2.109107 0.334821
v 0.068345 1.973888 0.336409
v 0.017149 2.054915 0.349268
v 0.145016 2.054539 0.314764
v 0.148983 2.026693 0.241102
v -0.023153 2.027129 0.286765
v 0.076842 1.944708 0.263136
v 0.077241 2.136666 0.261389
v 0.140295 2.078446 0.242339
v -0.014559 2.078901 0.283300
v 0.007956 1.960014 0.279882
v 0.009535 2.120943 0.278310
v 0.117387 2.098531 0.321700
v 0.117416 1.984169 0.323043
v 0.026809 2.003620 0.347268
v 0.135383 2.003296 0.317968
v 0.067252 2.134305 0.279355
v 0.100983 1.954016 0.271976
v 0.129962 1.975337 0.263735
v 0.067259 1.947405 0.281505
v -0.013976 2.006363 0.302322
v -0.013997 2.075727 0.301509
v -0.020484 2.041064 0.303656
v 0.148345 2.005885 0.258880
v 0.033442 2.127698 0.288096
v 0.004281 2.106251 0.295821
v 0.154832 2.040548 0.256733
v 0.148324 2.075249 0.258067
v 0.129939 2.105831 0.262228
v 0.100954 2.127441 0.270020
v 0.004170 1.975650 0.297334
v 0.033326 1.954190 0.290074
v 0.144502 1.989370 0.279194
v -0.000597 1.989804 0.318069
v 0.120436 1.963882 0.285944
v 0.120391 2.117939 0.284137
v 0.157510 2.058873 0.274888
v -0.013647 2.059386 0.320744
v 0.054942 1.950245 0.303654
v 0.054888 2.131968 0.301523
v 0.157521 2.022726 0.275312
v -0.013636 2.023239 0.321168
v 0.088987 1.950144 0.294533
v 0.088933 2.131866 0.292402
v 0.144472 2.092308 0.277987
v -0.000628 2.092742 0.316862
v 0.023484 1.964172 0.311919
v 0.023438 2.118230 0.310112
v 0.080618 1.969822 0.331188
v 0.013119 2.041639 0.348442
v 0.153811 2.006050 0.286703
v 0.041609 2.125477 0.315358
v 0.160336 2.040911 0.284544
v 0.054783 1.975360 0.338051
v 0.013763 2.105802 0.323051
v 0.018238 2.068992 0.346746
v 0.107365 1.956860 0.299730
v 0.128342 1.990685 0.318143
v 0.153790 2.075812 0.285885
v 0.128313 2.091905 0.316956
v -0.004817 2.006525 0.329202
v 0.032882 1.990971 0.343741
v 0.107315 2.125280 0.297754
v 0.080576 2.113053 0.329508
v 0.081251 2.082284 0.332419
v 0.081304 2.031129 0.333008
v 0.034041 2.041618 0.346121
v 0.098857 2.041396 0.327964
v 0.145023 2.028003 0.315076
v 0.017156 2.028379 0.349579
v 0.093861 1.973811 0.329522
v 0.093827 2.109030 0.327935
v 0.135363 2.079298 0.317076
v 0.026789 2.079623 0.346375
v 0.044785 1.984387 0.342643
v 0.044756 2.098750 0.341301
v 0.081254 2.051806 0.332778
v 0.081307 2.000651 0.333367
v 0.063701 2.041539 0.337821
v 0.128517 2.041317 0.319665
v 0.114746 2.030950 0.323632
v 0.109779 2.002974 0.325361
v 0.097940 2.018060 0.328497
v 0.125536 2.018714 0.320766
v 0.047854 2.031149 0.342388
v 0.052826 2.003121 0.341318
v 0.037061 2.018951 0.345543
v 0.064691 2.018141 0.337820
v 0.052797 2.080014 0.340418
v 0.047829 2.052036 0.342148
v 0.037040 2.064274 0.345014
v 0.064635 2.064926 0.337283
v 0.109715 2.079761 0.324473
v 0.114687 2.051736 0.323403
v 0.097851 2.064744 0.327971
v 0.125480 2.063931 0.320248
v -0.047048 1.979472 0.292752
v 0.121126 1.916667 0.266348
v 0.020539 2.180528 0.298792
v 0.128039 2.176952 0.270296
v 0.014756 1.915435 0.293404
v 0.175033 1.982203 0.239515
v -0.040490 2.092744 0.292916
v 0.175492 2.090133 0.239434
v -0.028340 1.935157 0.297593
v 0.074791 2.181209 0.286495
v 0.187174 2.035339 0.234698
v -0.018932 2.142279 0.298394
v 0.161073 1.937806 0.251339
v 0.161182 2.137995 0.252195
v -0.056781 2.034587 0.293357
v 0.069801 1.902101 0.284971
v -0.110569 3.182916 -0.343836
v 0.110569 3.182916 -0.343836
v -0.343836 3.182916 -0.110569
v -0.066013 3.163864 -0.331870
v -0.343836 3.182916 0.110569
v 0.331870 3.163865 -0.066013
v 0.343836 3.182916 -0.110569
v -0.066013 3.163865 0.331870
v 0.331870 3.163865 0.066013
v -0.110569 3.182916 0.343836
v 0.343836 3.182916 0.110569
v 0.110569 3.182916 0.343836
v -0.281346 3.163864 -0.187989
v 0.187989 3.163865 -0.281346
v -0.281346 3.163864 0.187989
v 0.187989 3.163865 0.281346
v 0.152994 2.972169 0.242256
v -0.242795 2.972169 0.154483
v 0.154483 2.972169 -0.242795
v -0.242256 2.972169 -0.152994
v -0.187989 3.163864 -0.281346
v 0.281346 3.163865 -0.187989
v -0.187989 3.163865 0.281346
v 0.281346 3.163865 0.187989
v -0.331870 3.163864 -0.066013
v 0.066013 3.163864 -0.331870
v -0.331870 3.163864 0.066013
v 0.066013 3.163865 0.331870
v 0.297686 2.972510 0.042392
v -0.043422 2.972510 0.297707
v 0.297707 2.972510 -0.043422
v -0.042392 2.972509 -0.297686
v -0.231693 3.124167 -0.231693
v -0.125391 3.124167 -0.302721
v 0.125391 3.124167 -0.302721
v 0.000000 3.124167 -0.327663
v -0.302721 3.124167 -0.125391
v -0.327663 3.124167 0.000000
v 0.302721 3.124167 0.125391
v 0.327663 3.124167 0.000000
v 0.125391 3.124167 0.302721
v 0.231693 3.124167 0.231693
v -0.125391 3.124167 0.302721
v 0.000000 3.124167 0.327663
v -0.302721 3.124167 0.125391
v -0.231693 3.124167 0.231693
v 0.302721 3.124167 -0.125391
v 0.231693 3.124167 -0.231693
v -0.062202 3.074899 -0.312709
v 0.312709 3.074899 -0.062202
v -0.062202 3.074899 0.312709
v 0.312709 3.074899 0.062202
v -0.265101 3.074899 -0.177135
v 0.177135 3.074899 -0.265101
v -0.265101 3.074899 0.177135
v 0.177135 3.074899 0.265102
v -0.177135 3.074899 -0.265101
v 0.265102 3.074899 -0.177135
v -0.177135 3.074899 0.265102
v 0.265102 3.074899 0.177135
v -0.312709 3.074899 -0.062202
v 0.062202 3.074899 -0.312709
v -0.312709 3.074899 0.062202
v 0.062202 3.074899 0.312709
v 0.219810 2.981714 0.219810
v -0.117897 2.981714 0.288721
v -0.219939 2.981714 0.219939
v 0.291154 3.032211 -0.120600
v 0.222839 3.032210 -0.222839
v -0.120600 3.032210 -0.291153
v 0.000000 3.032211 0.315142
v 0.117703 2.981714 0.288700
v -0.222839 3.032210 -0.222839
v -0.288700 2.981714 -0.117703
v -0.315142 3.032210 0.000000
v -0.288721 2.981714 0.117898
v 0.291154 3.032211 0.120600
v 0.313403 2.981972 -0.000041
v 0.120600 3.032210 -0.291153
v 0.000041 2.981971 -0.313403
v 0.156768 2.968691 0.156768
v -0.048191 2.968194 -0.048191
v 0.159746 2.968691 -0.159745
v -0.051039 2.968194 0.051039
v -0.152994 2.972169 -0.242256
v 0.242796 2.972169 -0.154482
v -0.154482 2.972169 0.242796
v 0.242256 2.972169 0.152994
v -0.297686 2.972509 -0.042392
v 0.043423 2.972510 -0.297707
v -0.297707 2.972510 0.043423
v 0.042392 2.972510 0.297686
v 0.048191 2.968194 0.048191
v -0.156768 2.968691 -0.156768
v 0.051039 2.968194 -0.051039
v -0.159745 2.968691 0.159746
v -0.150918 2.968194 0.056415
v -0.241636 2.968691 -0.053739
v -0.149235 2.968194 -0.049986
v -0.242046 2.968691 0.058291
v 0.056415 2.968194 -0.150918
v -0.053739 2.968691 -0.241636
v 0.058291 2.968691 -0.242046
v -0.049986 2.968194 -0.149235
v 0.241637 2.968691 0.053739
v 0.150918 2.968194 -0.056415
v 0.242047 2.968691 -0.058291
v 0.149235 2.968194 0.049986
v 0.053739 2.968691 0.241637
v -0.056415 2.968194 0.150918
v 0.049986 2.968194 0.149235
v -0.058291 2.968691 0.242047
v 0.000000 -0.021837 -0.307166
v 0.268251 1.535713 0.155514
v 0.310018 0.332389 0.000003
v 0.155010 0.332389 0.268486
v 0.268484 0.332389 0.155012
v -0.155008 0.332389 -0.268480
v -0.268482 0.332389 -0.155006
v -0.268394 1.543850 -0.154955
v -0.154957 1.543850 -0.268392
v -0.153583 -0.021837 -0.266013
v 0.154965 1.530122 0.268439
v 0.307166 -0.021837 0.000000
v 0.000000 0.170466 -0.308279
v 0.266013 -0.021837 0.153583
v 0.153583 -0.021837 0.266013
v 0.000000 -0.021837 0.307166
v -0.153583 -0.021837 0.266013
v -0.266013 -0.021837 0.153583
v -0.307166 -0.021837 0.000000
v 0.153583 -0.021837 -0.266013
v -0.266013 -0.021837 -0.153583
v -0.154140 0.170465 -0.266978
v 0.266013 -0.021837 -0.153583
v 0.308279 0.170465 0.000000
v 0.079630 0.002997 -0.297183
v -0.079630 0.003022 -0.297183
v 0.297183 0.003017 0.079630
v 0.297183 0.002993 -0.079630
v -0.217553 -0.004932 -0.217553
v 0.217553 -0.005454 -0.217553
v -0.297183 0.003017 -0.079630
v -0.297183 0.002993 0.079630
v -0.217553 -0.005453 0.217553
v -0.079630 0.002994 0.297183
v 0.079630 0.003018 0.297183
v 0.217553 -0.004934 0.217553
v -0.147536 2.300528 0.271197
v 0.154721 2.486445 -0.267986
v 0.293814 2.549179 -0.169634
v -0.309443 2.486445 -0.000000
v -0.293814 2.549179 -0.169634
v -0.267529 2.487116 0.155163
v -0.154458 2.497371 0.268311
v -0.000218 2.501396 0.309294
v 0.154680 2.501213 0.267905
v 0.267785 2.495685 0.155233
v 0.309287 2.486647 0.000550
v -0.154722 2.486445 -0.267986
v 0.000000 2.549179 -0.339267
v -0.226632 2.522262 -0.226632
v 0.309584 2.522262 -0.082953
v 0.082953 2.522262 -0.309584
v -0.082953 2.522262 -0.309584
v 0.309584 2.522262 0.082953
v 0.226632 2.522262 0.226632
v 0.082953 2.522262 0.309584
v -0.082953 2.522262 0.309584
v -0.226632 2.522262 0.226632
v -0.309584 2.522262 0.082953
v -0.309584 2.522262 -0.082953
v 0.226632 2.522262 -0.226632
v 0.445139 3.113321 -0.000000
v -0.385502 3.113321 -0.222570
v -0.000000 3.113321 -0.445139
v -0.222570 3.113321 0.385502
v 0.382413 3.167808 0.220786
v -0.220786 3.167808 -0.382413
v 0.220786 3.167808 -0.382413
v -0.382413 3.167808 0.220786
v 0.220786 3.167808 0.382413
v 0.382413 3.167808 -0.220786
v -0.441573 3.167808 -0.000000
v 0.000000 3.167808 0.441573
v -0.114660 3.147104 0.427916
v -0.427916 3.147104 -0.114660
v 0.427916 3.147104 -0.114660
v 0.114660 3.147104 0.427916
v -0.427916 3.147104 0.114660
v 0.313257 3.147104 -0.313257
v -0.114660 3.147104 -0.427916
v 0.313257 3.147104 0.313257
v -0.313257 3.147104 0.313257
v 0.114660 3.147104 -0.427916
v -0.313257 3.147104 -0.313257
v 0.427916 3.147104 0.114660
v 0.078245 3.182916 -0.406154
v 0.282443 3.182916 -0.282443
v 0.406154 3.182916 -0.078245
v 0.406154 3.182916 0.078245
v 0.282443 3.182916 0.282443
v 0.078245 3.182916 0.406154
v -0.078245 3.182916 0.406154
v -0.282443 3.182916 0.282443
v -0.406154 3.182916 0.078245
v -0.406154 3.182916 -0.078245
v -0.282443 3.182916 -0.282443
v -0.078245 3.182916 -0.406154
v -0.113920 3.182915 -0.318914
v 0.318914 3.182916 -0.113920
v -0.113920 3.182916 0.318914
v 0.318914 3.182916 0.113920
v -0.278058 3.182916 -0.206906
v 0.206906 3.182916 -0.278058
v -0.278059 3.182916 0.206906
v 0.206906 3.182916 0.278059
v -0.206906 3.182916 -0.278059
v 0.278059 3.182916 -0.206906
v -0.206906 3.182916 0.278058
v 0.278059 3.182916 0.206906
v -0.318914 3.182916 -0.113920
v 0.113920 3.182916 -0.318914
v -0.318914 3.182916 0.113920
v 0.113920 3.182916 0.318914
v 0.000000 3.182356 -0.432099
v 0.212759 3.182356 -0.374055
v 0.374054 3.182356 -0.212759
v 0.432099 3.182356 -0.000000
v 0.374055 3.182356 0.212759
v 0.212759 3.182356 0.374055
v 0.000000 3.182356 0.432099
v -0.212759 3.182356 0.374055
v -0.374055 3.182356 0.212759
v -0.432099 3.182356 -0.000000
v -0.374055 3.182356 -0.212759
v -0.212759 3.182356 -0.374054
v 0.000000 3.180534 -0.345481
v -0.135531 3.180534 -0.318150
v 0.345481 3.180534 -0.000000
v 0.318150 3.180534 -0.135531
v -0.135531 3.180535 0.318150
v 0.000000 3.180534 0.345481
v 0.318150 3.180534 0.135531
v -0.245003 3.180534 -0.245003
v -0.318150 3.180534 -0.135531
v 0.245003 3.180534 -0.245003
v 0.135531 3.180534 -0.318150
v -0.318150 3.180534 0.135531
v -0.245003 3.180534 0.245003
v 0.135531 3.180535 0.318150
v 0.245003 3.180534 0.245003
v -0.345481 3.180534 -0.000000
v 0.068218 2.096922 0.335874
v 0.068242 1.986099 0.337176
v 0.025279 2.052991 0.348327
v 0.137268 2.052653 0.317193
v 0.117466 2.088769 0.322270
v 0.117488 1.993939 0.323384
v 0.033241 2.007004 0.346650
v 0.129333 2.006726 0.319948
v 0.137283 2.029957 0.317457
v 0.025286 2.030269 0.348594
v 0.094345 1.986025 0.329910
v 0.094312 2.096823 0.328611
v 0.129313 2.075917 0.319137
v 0.033230 2.076223 0.345836
v 0.045087 1.994153 0.343516
v 0.045074 2.089010 0.342400
v 0.056728 2.101573 0.338814
v 0.081242 2.106623 0.332037
v 0.081268 1.976310 0.333568
v 0.056750 1.981510 0.340226
v 0.018907 2.041643 0.349875
v 0.023428 2.066025 0.348351
v 0.139071 2.065684 0.316681
v 0.143603 2.041290 0.315730
v 0.105759 2.101421 0.325380
v 0.125981 2.087176 0.320016
v 0.125998 1.995487 0.321094
v 0.105783 1.981362 0.326791
v 0.036528 1.995756 0.345589
v 0.023438 2.017247 0.348924
v 0.139082 2.016910 0.317254
v 0.036512 2.087447 0.344511
v 0.074514 1.950020 0.308613
v -0.011362 2.041425 0.330544
v 0.148632 2.009890 0.300760
v 0.048251 2.116735 0.326396
v 0.154469 2.041079 0.298828
v 0.041659 1.957056 0.317333
v 0.023339 2.099133 0.333279
v -0.004837 2.076287 0.328384
v 0.107079 1.965882 0.312414
v 0.135210 1.976535 0.292036
v 0.148614 2.072302 0.300028
v 0.135172 2.105438 0.290524
v 0.006716 2.010314 0.338781
v 0.013802 1.976898 0.324563
v 0.107034 2.116559 0.310647
v 0.074460 2.132317 0.306475
v 0.091920 2.127091 0.307314
v 0.007268 1.992769 0.331582
v 0.144433 2.089688 0.293685
v 0.121707 1.968260 0.301208
v 0.007239 2.090098 0.330441
v 0.121664 2.113923 0.299499
v 0.030037 1.968534 0.325767
v 0.156761 2.058075 0.290754
v 0.029994 2.114197 0.324059
v 0.156771 2.023897 0.291155
v -0.005070 2.058559 0.334111
v -0.005060 2.024382 0.334512
v 0.059781 1.955366 0.317953
v 0.091971 1.955269 0.309329
v 0.059730 2.127187 0.315938
v 0.144462 1.992358 0.294826
v 0.077689 1.959763 0.320361
v 0.000861 2.041538 0.339982
v 0.048296 1.966058 0.328163
v 0.006698 2.072727 0.338049
v 0.131991 1.983484 0.305531
v 0.131957 2.098807 0.304178
v 0.023373 1.983809 0.334631
v 0.077641 2.122854 0.318448
v 0.142956 2.013883 0.313950
v 0.054744 2.107670 0.336500
v 0.148076 2.041236 0.312254
v 0.032853 2.092190 0.342553
v 0.106450 1.975205 0.324197
v 0.142940 2.068619 0.313308
v 0.018254 2.014256 0.347388
v 0.106412 2.107515 0.322645
v 0.093334 2.115336 0.321650
v 0.020429 1.999655 0.342550
v 0.138559 2.083123 0.309912
v 0.118987 1.978547 0.316391
v 0.020405 2.083477 0.341567
v 0.118950 2.103995 0.314920
v 0.040039 1.978783 0.337543
v 0.149176 2.055897 0.307389
v 0.040001 2.104231 0.336071
v 0.149185 2.026463 0.307734
v 0.009803 2.056315 0.344729
v 0.009812 2.026880 0.345074
v 0.065655 1.967442 0.330813
v 0.093378 1.967359 0.323385
v 0.065611 2.115419 0.329077
v 0.138584 1.999301 0.310895
v 0.145038 1.985440 0.238927
v 0.027188 2.144069 0.275883
v 0.104135 1.937975 0.255880
v 0.023191 1.937509 0.276876
v 0.104662 2.142487 0.255379
v 0.145373 2.091789 0.238229
v -0.021675 1.984399 0.280995
v -0.018135 2.093304 0.280190
v 0.146983 2.130419 0.249014
v 0.169099 2.036644 0.235012
v 0.146590 1.946439 0.248826
v -0.009857 2.133833 0.289266
v -0.041755 2.036487 0.286803
v 0.070656 2.164705 0.276591
v -0.017924 1.944377 0.289641
v 0.066868 1.917678 0.276154
v 0.138077 2.223121 0.269406
v -0.050028 2.097337 0.295822
v 0.012359 1.902719 0.297681
v 0.185336 1.977024 0.237655
v -0.056207 1.973891 0.295065
v 0.126902 1.903463 0.268748
v 0.185252 2.095893 0.237697
v 0.011650 2.227361 0.302143
v 0.076079 2.206149 0.289239
v -0.029928 2.161423 0.300100
v 0.171195 2.158057 0.249016
v 0.197597 2.037472 0.229772
v 0.171230 1.919057 0.248878
v -0.069655 2.034406 0.293550
v 0.072356 1.877144 0.288238
v -0.038024 1.916307 0.299182
v 0.266978 0.170465 0.154140
v 0.154140 0.170465 0.266978
v 0.000000 0.170465 0.308279
v -0.154140 0.170465 0.266978
v -0.266978 0.170465 0.154140
v -0.308279 0.170465 0.000000
v 0.154140 0.170465 -0.266978
v -0.266978 0.170465 -0.154140
v 0.266978 0.170465 -0.154140
v -0.000064 1.530058 0.309936
v 0.268484 0.332389 -0.155006
v 0.155010 0.332389 -0.268480
v 0.220656 0.283758 0.220656
v 0.080766 0.283758 0.301421
v -0.080766 0.283758 0.301421
v -0.220656 0.283758 0.220656
v -0.301421 0.283758 0.080766
v -0.301421 0.283758 -0.080766
v 0.220656 0.283758 -0.220656
v -0.220656 0.283758 -0.220656
v 0.301421 0.283758 -0.080766
v 0.301421 0.283758 0.080766
v -0.080766 0.283758 -0.301421
v 0.080766 0.283758 -0.301421
v 0.085087 1.508770 -0.317547
v 0.232461 1.508770 -0.232461
v 0.317547 1.508770 -0.085087
v 0.317547 1.508770 0.085087
v 0.232461 1.508770 0.232461
v 0.085087 1.508770 0.317547
v -0.085087 1.508770 0.317547
v -0.232461 1.508770 0.232461
v -0.317547 1.508770 0.085087
v -0.317547 1.508770 -0.085087
v -0.232461 1.508770 -0.232461
v -0.085087 1.508770 -0.317547
v -0.165473 1.473902 -0.286608
v 0.330946 0.388966 0.000000
v 0.286608 0.388966 -0.165473
v 0.330946 1.473902 0.000000
v 0.165473 0.388966 0.286608
v 0.286608 0.388966 0.165473
v -0.330946 1.473902 0.000000
v -0.286608 1.473902 -0.165473
v -0.165473 0.388966 -0.286608
v -0.286608 0.388966 -0.165473
v 0.165473 1.473902 -0.286608
v 0.286608 1.473902 -0.165473
v 0.232461 0.354097 0.232461
v 0.085087 0.354097 0.317547
v -0.085087 0.354097 0.317547
v -0.232461 0.354097 0.232461
v -0.317547 0.354097 0.085087
v -0.317547 0.354097 -0.085087
v 0.232461 0.354097 -0.232461
v -0.232461 0.354097 -0.232461
v 0.317547 0.354097 -0.085087
v 0.317547 0.354097 0.085087
v -0.085087 0.354098 -0.317547
v 0.085087 0.354098 -0.317547
v 0.309765 1.544054 0.000535
v -0.309915 1.543850 0.000003
v -0.267953 1.544527 0.155388
v 0.000001 0.332389 0.310021
v -0.155008 0.332389 0.268486
v 0.268395 1.543850 -0.154955
v 0.154959 1.543850 -0.268392
v -0.154591 1.536087 0.268826
v 0.000001 1.543850 -0.309912
v 0.000001 0.332389 -0.310015
v -0.268482 0.332389 0.155012
v -0.310017 0.332389 0.000003
v 0.085336 1.303338 -0.318479
v 0.233143 1.303338 -0.233143
v 0.318479 1.303338 -0.085336
v 0.318479 1.303338 0.085336
v 0.233143 1.303338 0.233143
v 0.085336 1.303338 0.318479
v -0.085336 1.303338 0.318479
v -0.233143 1.303338 0.233143
v -0.318479 1.303338 0.085336
v -0.318479 1.303338 -0.085336
v -0.233143 1.303338 -0.233143
v -0.085336 1.303338 -0.318479
v 0.285044 0.931434 0.164570
v 0.164570 0.931434 0.285044
v 0.000000 0.931434 0.329140
v -0.164570 0.931434 0.285044
v -0.285044 0.931434 0.164570
v -0.329140 0.931434 0.000000
v 0.164570 0.931434 -0.285044
v -0.285044 0.931434 -0.164570
v 0.285044 0.931434 -0.164570
v -0.000000 0.931433 -0.329140
v -0.164570 0.931434 -0.285044
v 0.329140 0.931434 0.000000
v 0.233143 0.559530 0.233143
v 0.085336 0.559530 0.318479
v -0.085336 0.559530 0.318479
v -0.233143 0.559530 0.233143
v -0.318479 0.559530 0.085336
v -0.318479 0.559530 -0.085336
v 0.233143 0.559530 -0.233143
v -0.233143 0.559530 -0.233143
v 0.318479 0.559530 -0.085336
v 0.318479 0.559530 0.085336
v -0.085336 0.559529 -0.318479
v 0.085336 0.559530 -0.318479
v 0.000000 0.388966 0.330946
v 0.286608 1.473902 0.165473
v -0.000000 1.473902 -0.330946
v -0.165473 0.388966 0.286608
v 0.165473 1.473902 0.286608
v -0.000000 0.388965 -0.330946
v -0.286608 0.388966 0.165473
v 0.000000 1.473902 0.330946
v 0.165473 0.388965 -0.286608
v -0.330946 0.388966 0.000000
v -0.165473 1.473902 0.286608
v -0.286608 1.473902 0.165473
v 0.222839 3.032211 0.222839
v -0.120600 3.032211 0.291154
v -0.222839 3.032210 0.222839
v 0.288721 2.981714 -0.117897
v 0.219939 2.981714 -0.219939
v -0.117703 2.981714 -0.288699
v -0.000041 2.981972 0.313403
v 0.120600 3.032211 0.291154
v -0.219809 2.981714 -0.219809
v -0.291153 3.032210 -0.120600
v -0.313403 2.981971 0.000041
v -0.291153 3.032210 0.120600
v 0.288700 2.981714 0.117703
v 0.315142 3.032211 0.000000
v 0.117898 2.981714 -0.288721
v 0.000000 3.032210 -0.315142
v 0.061374 3.000829 -0.308547
v 0.308547 3.000829 0.061374
v -0.308547 3.000829 0.061374
v -0.261573 3.000829 -0.174778
v 0.061374 3.000829 0.308547
v -0.174778 3.000829 -0.261573
v 0.174778 3.000829 -0.261573
v 0.261574 3.000829 -0.174778
v -0.261573 3.000829 0.174778
v -0.174778 3.000829 0.261574
v 0.174778 3.000829 0.261574
v -0.061374 3.000829 -0.308547
v 0.261574 3.000829 0.174778
v 0.308547 3.000829 -0.061374
v -0.308547 3.000829 -0.061374
v -0.061374 3.000829 0.308547
v 0.079176 2.012027 -0.295488
v 0.216312 2.012027 -0.216312
v 0.295137 2.012482 -0.077938
v 0.283946 2.026561 0.121159
v 0.215919 1.732641 0.219005
v 0.079016 1.671135 0.296196
v -0.083324 1.730641 0.296148
v -0.182562 2.059834 0.249979
v -0.294460 2.013536 0.080169
v -0.295488 2.012027 -0.079176
v 0.239848 2.549179 -0.239848
v -0.216312 2.012027 -0.216312
v -0.079176 2.012027 -0.295488
v 0.217153 -0.021838 0.217153
v 0.351068 2.607004 0.094068
v -0.327638 2.549179 -0.087790
v -0.327639 2.549179 0.087790
v -0.239848 2.549179 0.239848
v -0.087790 2.549179 0.327638
v 0.087790 2.549179 0.327639
v 0.239848 2.549179 0.239848
v 0.327638 2.549179 0.087790
v -0.087790 2.549179 -0.327638
v 0.087790 2.549179 -0.327638
v 0.327639 2.549179 -0.087790
v -0.239848 2.549179 -0.239848
v 0.426437 3.167808 0.114263
v -0.257000 2.607004 -0.257000
v 0.094068 2.607004 -0.351068
v -0.257000 2.607004 0.257000
v 0.257000 2.607004 0.257000
v -0.094068 2.607003 -0.351068
v 0.257000 2.607004 -0.257000
v -0.351068 2.607004 0.094068
v 0.094068 2.607004 0.351068
v 0.351068 2.607004 -0.094068
v -0.351068 2.607004 -0.094068
v -0.094068 2.607004 0.351068
v -0.312174 3.167808 -0.312174
v 0.114263 3.167808 -0.426437
v -0.312174 3.167808 0.312174
v 0.312174 3.167808 0.312174
v -0.114263 3.167808 -0.426437
v 0.312174 3.167808 -0.312174
v -0.426437 3.167808 0.114263
v 0.114263 3.167808 0.426437
v 0.426437 3.167808 -0.114263
v -0.426437 3.167808 -0.114263
v -0.114263 3.167808 0.426437
v -0.112466 2.857965 0.419729
v -0.419729 2.857965 -0.112466
v 0.419729 2.857965 -0.112466
v 0.112466 2.857965 0.419729
v -0.419729 2.857965 0.112466
v 0.307263 2.857965 -0.307263
v -0.112466 2.857965 -0.419729
v 0.307263 2.857965 0.307263
v -0.307263 2.857965 0.307263
v 0.112466 2.857965 -0.419729
v -0.307263 2.857965 -0.307263
v 0.419729 2.857965 0.112466
v -0.116917 3.001960 0.436340
v -0.436340 3.001960 -0.116917
v 0.436340 3.001960 -0.116917
v 0.116917 3.001960 0.436340
v -0.436340 3.001960 0.116917
v 0.319423 3.001960 -0.319423
v -0.116917 3.001960 -0.436340
v 0.319423 3.001960 0.319423
v -0.319423 3.001960 0.319423
v 0.116917 3.001960 -0.436340
v -0.319423 3.001960 -0.319423
v 0.436340 3.001960 0.116917
v 0.375299 2.707887 0.100561
v -0.274738 2.707887 -0.274738
v 0.100561 2.707887 -0.375299
v -0.274738 2.707887 0.274738
v 0.274738 2.707887 0.274738
v -0.100561 2.707886 -0.375299
v 0.274738 2.707887 -0.274738
v -0.375299 2.707887 0.100561
v 0.100561 2.707887 0.375299
v 0.375299 2.707887 -0.100561
v -0.375299 2.707887 -0.100561
v -0.100561 2.707887 0.375299
v -0.006407 2.091106 0.298876
v 0.130599 1.954068 0.246410
v 0.185286 1.893726 0.242309
v 0.074937 1.842980 0.291205
v 0.077935 2.380926 0.292749
v -0.048700 2.187681 0.299637
v -0.025350 2.039232 0.279778
v -0.005301 1.952998 0.280952
v 0.148603 2.038997 0.234874
v -0.015601 2.138546 0.295590
v -0.124781 2.169321 0.283593
v -0.094049 2.326753 0.290405
v -0.129054 2.035265 0.282859
v -0.128578 1.904556 0.283427
v 0.214813 2.321738 0.216127
v 0.244397 2.165699 0.188573
v 0.245448 2.043497 0.188066
v 0.243374 1.913453 0.190682
v 0.140554 2.090668 0.259570
v 0.116639 1.962893 0.267594
v 0.083882 2.132731 0.274621
v -0.006406 1.990883 0.300048
v 0.050521 2.132841 0.283557
v 0.083878 1.948872 0.276713
v 0.140580 1.990466 0.260742
v 0.050490 1.948967 0.285654
v -0.018938 2.023499 0.303155
v -0.018948 2.058588 0.302743
v 0.153161 2.022995 0.257106
v 0.017742 2.118766 0.292269
v 0.153150 2.058083 0.256695
v 0.116605 2.118400 0.265826
v 0.017585 1.963128 0.294055
v 0.136725 2.001523 0.315767
v 0.067408 2.111710 0.333056
v 0.093787 1.971166 0.327641
v 0.067449 1.971244 0.334703
v 0.014421 2.027688 0.348258
v 0.014412 2.055583 0.347931
v 0.146782 2.027292 0.312766
v 0.043079 2.101073 0.339706
v 0.146774 2.055187 0.312438
v 0.043114 1.982026 0.341102
v 0.118081 2.100849 0.319594
v 0.024469 2.081352 0.344930
v 0.118116 1.981802 0.320990
v 0.136702 2.081016 0.314835
v 0.024493 2.001859 0.345862
v 0.093746 2.111631 0.325993
v 0.121210 2.077318 0.321295
v 0.066478 2.081724 0.336565
v 0.063851 2.031186 0.337901
v 0.127909 2.030611 0.319961
v 0.098757 2.031080 0.328114
v 0.096092 2.001248 0.329217
v 0.121252 2.005358 0.322133
v 0.034676 2.030875 0.346070
v 0.041336 2.005579 0.344494
v 0.066521 2.001321 0.337502
v 0.041319 2.077615 0.343649
v 0.034661 2.052361 0.345820
v 0.063813 2.051890 0.337668
v 0.096025 2.081578 0.328287
v 0.098696 2.051714 0.327887
v 0.127871 2.052023 0.319719
v -0.031494 1.929201 0.298595
v 0.075418 2.189686 0.287914
v 0.191832 2.035871 0.232913
v 0.073618 2.174875 0.283609
v 0.156618 2.134352 0.251484
v 0.164893 2.144675 0.251599
v -0.061812 2.034379 0.293796
v 0.063633 1.934478 0.266076
v 0.000000 3.182916 -0.386739
v -0.241694 3.182916 -0.241694
v -0.386739 3.182916 -0.000000
v 0.241694 3.182916 -0.241694
v 0.182028 3.124167 -0.272424
v -0.241694 3.182916 0.241694
v 0.386739 3.182916 -0.000000
v 0.241694 3.182916 0.241694
v 0.000000 3.182916 0.386739
v -0.182028 3.124167 -0.272424
v 0.321346 3.124167 -0.063920
v 0.063920 3.124167 0.321346
v -0.272424 3.124167 -0.182028
v -0.321346 3.124167 0.063920
v -0.063920 3.124167 -0.321346
v 0.063920 3.124167 -0.321346
v -0.321346 3.124167 -0.063920
v 0.272424 3.124167 0.182028
v 0.321346 3.124167 0.063920
v 0.182028 3.124167 0.272424
v -0.182028 3.124167 0.272424
v -0.063920 3.124167 0.321346
v -0.272424 3.124167 0.182028
v 0.272424 3.124167 -0.182028
v -0.059292 2.981778 0.307145
v -0.307142 2.981778 -0.059161
v 0.307145 2.981778 -0.059292
v 0.259159 2.981714 0.172055
v -0.059161 2.981778 -0.307142
v 0.172055 2.981714 0.259159
v -0.172241 2.981714 0.259226
v -0.259226 2.981714 0.172241
v 0.259226 2.981714 -0.172241
v 0.172241 2.981714 -0.259226
v -0.172055 2.981714 -0.259159
v 0.059161 2.981778 0.307142
v -0.259159 2.981714 -0.172055
v -0.307144 2.981778 0.059292
v 0.307142 2.981778 0.059161
v 0.059292 2.981778 -0.307144
v -0.001491 2.969170 0.275224
v 0.201652 2.968691 0.107442
v 0.002789 2.968194 -0.098845
v -0.203144 2.968691 0.111781
v -0.098845 2.968194 0.002789
v -0.201652 2.968691 -0.107442
v -0.275224 2.969170 0.001491
v 0.111781 2.968691 -0.203144
v 0.001491 2.969170 -0.275224
v -0.107442 2.968691 -0.201652
v 0.275224 2.969170 -0.001491
v 0.203144 2.968691 -0.111781
v 0.098845 2.968194 -0.002788
v 0.107442 2.968691 0.201652
v -0.002788 2.968194 0.098845
v -0.111781 2.968691 0.203144
v 0.079484 -0.021838 0.296637
v -0.079484 -0.021838 0.296637
v -0.217153 -0.021838 0.217153
v -0.296637 -0.021838 0.079484
v -0.296637 -0.021838 -0.079484
v 0.217153 -0.021838 -0.217153
v -0.217153 -0.021838 -0.217153
v 0.296637 -0.021838 -0.079484
v 0.296637 -0.021838 0.079484
v -0.079484 -0.021838 -0.296637
v 0.079484 -0.021838 -0.296637
v 0.079772 0.170465 -0.297713
v -0.079772 0.170465 -0.297713
v 0.297713 0.170465 0.079772
v 0.297713 0.170465 -0.079772
v -0.217941 0.170465 -0.217941
v 0.217941 0.170465 -0.217941
v -0.297713 0.170465 -0.079772
v -0.297713 0.170465 0.079772
v -0.217941 0.170465 0.217941
v -0.079772 0.170465 0.297713
v 0.079772 0.170465 0.297713
v 0.217941 0.170465 0.217941
v -0.218763 2.486445 -0.218763
v 0.298817 2.486470 -0.080004
v 0.080073 2.486445 -0.298836
v -0.080073 2.486445 -0.298836
v 0.298476 2.488607 0.081304
v 0.218692 2.499505 0.218766
v 0.080022 2.501839 0.298740
v -0.080485 2.500121 0.298678
v -0.217758 2.489951 0.219739
v -0.298779 2.486529 0.080128
v -0.298836 2.486445 -0.080073
v 0.218763 2.486445 -0.218763
v -0.115186 3.113320 0.429881
v -0.429881 3.113320 -0.115186
v 0.429881 3.113320 -0.115186
v 0.115186 3.113320 0.429881
v -0.429881 3.113320 0.115186
v 0.314695 3.113320 -0.314695
v -0.115186 3.113320 -0.429881
v 0.314695 3.113320 0.314695
v -0.314695 3.113320 0.314695
v 0.115186 3.113321 -0.429881
v -0.314695 3.113320 -0.314695
v 0.429881 3.113320 0.115186
v -0.192147 -0.064708 -0.192147
v -0.156920 -0.064709 -0.156920
v -0.110936 -0.064709 -0.110936
v -0.057437 -0.064709 -0.057437
v 0.000000 -0.064709 0.000000
v 0.057437 -0.064709 0.057437
v 0.110936 -0.064709 0.110936
v 0.156920 -0.064709 0.156920
v 0.192147 -0.064709 0.192147
v 0.108365 3.182356 -0.417539
v 0.303845 3.182356 -0.303845
v 0.417539 3.182356 -0.108365
v 0.417539 3.182356 0.108365
v 0.303845 3.182356 0.303845
v 0.108365 3.182356 0.417539
v -0.108365 3.182356 0.417539
v -0.303845 3.182356 0.303845
v -0.417539 3.182356 0.108365
v -0.417539 3.182356 -0.108365
v -0.303845 3.182356 -0.303845
v -0.108365 3.182356 -0.417539
v -0.072858 3.180534 -0.337120
v 0.337120 3.180534 -0.072858
v -0.072858 3.180535 0.337120
v 0.337120 3.180534 0.072858
v -0.286709 3.180534 -0.194321
v 0.194321 3.180534 -0.286709
v -0.286709 3.180534 0.194321
v 0.194321 3.180534 0.286709
v -0.194321 3.180534 -0.286709
v 0.286709 3.180534 -0.194321
v -0.194321 3.180534 0.286709
v 0.286709 3.180534 0.194321
v -0.337120 3.180534 -0.072858
v 0.072858 3.180534 -0.337120
v -0.337120 3.180534 0.072858
v 0.072858 3.180535 0.337120
v 0.068729 2.105361 0.335481
v 0.068753 1.977649 0.336982
v 0.020028 2.053958 0.349423
v 0.142476 2.053605 0.315892
v 0.116699 2.095248 0.322457
v 0.116719 1.987468 0.323724
v 0.029060 2.005778 0.347519
v 0.133463 2.005468 0.318929
v 0.142483 2.028977 0.316181
v 0.020033 2.029326 0.349713
v 0.093782 1.977573 0.330124
v 0.093756 2.105283 0.328623
v 0.133449 2.077153 0.318086
v 0.029047 2.077466 0.346676
v 0.045810 1.987683 0.343148
v 0.045791 2.095466 0.341881
v 0.091208 2.130510 0.302009
v 0.003126 1.990746 0.327260
v 0.145848 2.091591 0.287827
v 0.122201 1.965243 0.295655
v 0.003096 2.092018 0.326073
v 0.122156 2.116808 0.293878
v 0.026817 1.965529 0.321210
v 0.158675 2.058697 0.284778
v 0.026772 2.117093 0.319432
v 0.158686 2.023135 0.285196
v -0.009712 2.059201 0.329892
v -0.009702 2.023639 0.330309
v 0.057766 1.951827 0.313079
v 0.091261 1.951727 0.304105
v 0.057713 2.130610 0.310982
v 0.145878 1.990319 0.289015
v 0.092624 2.121237 0.314453
v 0.013822 1.996198 0.337044
v 0.141508 2.086419 0.301765
v 0.120353 1.973382 0.308769
v 0.013795 2.086801 0.335982
v 0.120312 2.108979 0.307178
v 0.035018 1.973638 0.331631
v 0.152984 2.056991 0.299038
v 0.034977 2.109235 0.330041
v 0.152994 2.025175 0.299411
v 0.002337 2.057441 0.339398
v 0.002346 2.025626 0.339772
v 0.062706 1.961379 0.324357
v 0.092672 1.961290 0.316329
v 0.062658 2.121327 0.322481
v 0.141535 1.995816 0.302828
v 0.130839 2.124475 0.245766
v 0.181296 2.035521 0.235334
v 0.156280 1.941599 0.250812
v -0.000471 2.126571 0.279897
v -0.051573 2.035111 0.291564
v 0.065428 2.147248 0.265169
v -0.025005 1.938972 0.295291
v 0.068836 1.908018 0.282396
v 0.077034 2.237601 0.291160
v -0.022488 2.148465 0.299594
v 0.186002 2.183667 0.240840
v 0.206583 2.040271 0.224045
v 0.165037 1.931536 0.250806
v -0.082917 2.034619 0.292604
v 0.070748 1.893983 0.286425
v -0.055066 1.889116 0.299096
v 0.219098 1.543850 -0.219094
v -0.080221 0.332389 0.299395
v 0.299392 0.332389 0.080225
v 0.080222 0.332389 0.299395
v -0.299237 1.543934 0.080252
v 0.298956 1.542729 0.081398
v 0.299392 0.332389 -0.080218
v 0.219170 0.332389 0.219173
v -0.219169 0.332389 -0.219166
v -0.219097 1.543850 -0.219094
v 0.080197 1.529495 0.299333
v 0.219170 0.332389 -0.219166
v -0.085637 0.388965 0.319602
v -0.085637 1.473902 -0.319602
v 0.319602 0.388965 0.085637
v 0.319602 1.473902 0.085637
v 0.085637 0.388965 0.319602
v -0.233965 1.473902 -0.233965
v 0.319602 0.388965 -0.085637
v 0.319602 1.473902 -0.085637
v 0.233965 0.388965 0.233965
v -0.319602 1.473902 -0.085637
v -0.233965 0.388965 -0.233965
v 0.233965 1.473902 -0.233965
v -0.080295 1.531847 0.299335
v -0.080195 1.543850 -0.299289
v -0.080221 0.332389 -0.299388
v -0.219169 0.332389 0.219173
v 0.080222 0.332389 -0.299388
v 0.219076 1.531896 0.219208
v -0.299292 1.543850 -0.080192
v -0.299391 0.332389 0.080225
v -0.299391 0.332389 -0.080218
v 0.299275 1.543875 -0.080126
v -0.218114 1.543772 0.220062
v 0.080196 1.543850 -0.299289
v 0.232689 0.931434 0.232689
v 0.085170 0.931434 0.317859
v -0.085170 0.931434 0.317859
v -0.232689 0.931434 0.232689
v -0.317859 0.931434 0.085170
v -0.317859 0.931434 -0.085170
v 0.232689 0.931434 -0.232689
v -0.232689 0.931434 -0.232689
v 0.317859 0.931434 -0.085170
v 0.317859 0.931434 0.085170
v -0.085170 0.931434 -0.317859
v 0.085170 0.931434 -0.317859
v 0.233965 1.473902 0.233965
v -0.085637 0.388965 -0.319602
v -0.233965 0.388965 0.233965
v 0.085637 1.473902 0.319602
v 0.085637 0.388965 -0.319602
v -0.319602 0.388965 0.085637
v -0.085637 1.473902 0.319602
v -0.319602 0.388965 -0.085637
v -0.233965 1.473902 0.233965
v 0.085637 1.473902 -0.319602
v 0.233965 0.388965 -0.233965
v -0.319602 1.473902 0.085637
v 0.061477 3.032210 -0.309067
v 0.309067 3.032211 0.061477
v -0.309067 3.032210 0.061477
v -0.262014 3.032210 -0.175072
v 0.061477 3.032210 0.309067
v -0.175072 3.032210 -0.262014
v 0.175073 3.032210 -0.262014
v 0.262015 3.032210 -0.175072
v -0.262014 3.032210 0.175073
v -0.175072 3.032210 0.262015
v 0.175073 3.032210 0.262015
v -0.061477 3.032210 -0.309067
v 0.262015 3.032211 0.175073
v 0.309067 3.032211 -0.061477
v -0.309067 3.032210 -0.061477
v -0.061477 3.032210 0.309067
v -0.008010 -0.064708 -0.295742
v 0.000000 -0.042694 -0.305241
v 0.152621 -0.042694 -0.264347
v 0.144306 -0.064708 -0.255425
v 0.264347 -0.042694 -0.152621
v 0.255425 -0.064708 -0.144306
v 0.305241 -0.042694 0.000000
v 0.295742 -0.064708 0.008010
v 0.264347 -0.042694 0.152621
v 0.265422 -0.064709 0.134146
v 0.152621 -0.042694 0.264347
v 0.134146 -0.064708 0.265422
v 0.000000 -0.042694 0.305241
v 0.008010 -0.064708 0.295742
v -0.152621 -0.042694 0.264347
v -0.144306 -0.064708 0.255425
v -0.264347 -0.042694 0.152621
v -0.255425 -0.064708 0.144306
v -0.305241 -0.042694 0.000000
v -0.295742 -0.064708 -0.008010
v -0.264347 -0.042694 -0.152621
v -0.265422 -0.064708 -0.134146
v -0.134146 -0.064708 -0.265422
v -0.152621 -0.042694 -0.264347
v 0.078986 -0.042694 -0.294779
v 0.070902 -0.064708 -0.285559
v 0.215793 -0.042694 -0.215793
v 0.207183 -0.064709 -0.207183
v 0.294779 -0.042694 -0.078986
v 0.285559 -0.064709 -0.070902
v 0.294779 -0.042694 0.078986
v 0.284954 -0.064709 0.087340
v 0.215793 -0.042694 0.215793
v 0.208372 -0.064709 0.208372
v 0.078986 -0.042694 0.294779
v 0.087340 -0.064709 0.284954
v -0.078986 -0.042694 0.294779
v -0.070902 -0.064709 0.285559
v -0.215793 -0.042694 0.215793
v -0.207183 -0.064709 0.207183
v -0.294779 -0.042694 0.078986
v -0.285559 -0.064709 0.070902
v -0.294779 -0.042694 -0.078986
v -0.284954 -0.064709 -0.087340
v -0.215793 -0.042694 -0.215793
v -0.208372 -0.064708 -0.208372
v -0.078986 -0.042694 -0.294779
v -0.087340 -0.064708 -0.284954
vn -0.0000 0.0033 -1.0000
vn -0.0000 0.0091 -1.0000
vn 0.2588 0.0091 -0.9659
vn 0.2588 0.0033 -0.9659
vn -0.0000 -0.0128 -0.9999
vn 0.2588 -0.0128 -0.9658
vn 0.5000 -0.0128 -0.8660
vn 0.5000 0.0091 -0.8660
vn 0.5000 0.0033 -0.8660
vn 0.7071 0.0091 -0.7071
vn 0.7071 0.0033 -0.7071
vn 0.7070 -0.0128 -0.7070
vn 0.8672 -0.0133 -0.4979
vn 0.8678 0.0091 -0.4969
vn 0.8672 0.0038 -0.4980
vn 0.9706 0.0091 -0.2405
vn 0.9691 0.0062 -0.2468
vn 0.9691 -0.0157 -0.2463
vn 0.9996 -0.0186 0.0209
vn 0.9994 0.0090 0.0321
vn 0.9998 0.0090 0.0191
vn 0.9517 0.0070 0.3069
vn 0.9616 0.0024 0.2745
vn 0.9612 -0.0138 0.2756
vn 0.8532 -0.0164 0.5213
vn 0.8598 0.0239 0.5101
vn 0.8463 0.0288 0.5320
vn 0.8853 0.0218 0.4644
vn 0.8365 0.0053 0.5479
vn 0.8662 0.0020 0.4997
vn 0.8355 -0.0005 0.5495
vn 0.8704 -0.0085 0.4923
vn 0.8331 -0.0107 0.5531
vn 0.8473 -0.0014 0.5311
vn 0.8549 -0.0074 0.5187
vn 0.6801 0.0100 0.7331
vn 0.6945 -0.0035 0.7195
vn 0.7352 -0.0040 0.6779
vn 0.6681 0.0122 0.7440
vn 0.5909 0.0113 0.8067
vn 0.4451 0.0190 0.8953
vn 0.4836 0.0225 0.8750
vn 0.4952 0.0023 0.8688
vn 0.2532 0.0305 0.9669
vn 0.2567 0.0051 0.9665
vn 0.2482 0.0274 0.9683
vn 0.0389 0.0219 0.9990
vn 0.0105 0.0264 0.9996
vn 0.0026 0.0049 1.0000
vn -0.2251 0.0114 0.9743
vn -0.2419 -0.0033 0.9703
vn -0.1257 0.0152 0.9919
vn -0.2124 0.0144 0.9771
vn -0.3059 -0.0080 0.9520
vn -0.4931 -0.0195 0.8697
vn -0.4773 -0.0067 0.8787
vn -0.4826 -0.0094 0.8758
vn -0.6795 0.0076 0.7337
vn -0.6973 0.0018 0.7167
vn -0.5535 -0.0153 0.8327
vn -0.4755 0.0021 0.8797
vn -0.5123 0.0049 0.8588
vn -0.4685 0.0078 0.8834
vn -0.5367 0.0228 0.8435
vn -0.4706 0.0283 0.8819
vn -0.5025 0.0270 0.8641
vn -0.4696 0.0162 0.8827
vn -0.4776 0.0172 0.8784
vn -0.4854 -0.0145 0.8742
vn -0.6991 -0.0135 0.7149
vn -0.8541 -0.0196 0.5198
vn -0.8488 0.0089 0.5286
vn -0.8561 0.0093 0.5167
vn -0.9603 0.0091 0.2787
vn -0.9623 0.0065 0.2718
vn -0.9619 -0.0161 0.2728
vn -0.9999 -0.0133 0.0027
vn -1.0000 0.0091 0.0039
vn -1.0000 0.0038 0.0026
vn -0.9659 0.0091 -0.2588
vn -0.9659 0.0033 -0.2588
vn -0.9658 -0.0128 -0.2588
vn -0.8660 -0.0128 -0.5000
vn -0.8660 0.0091 -0.5000
vn -0.8660 0.0033 -0.5000
vn 0.7841 -0.4246 -0.4527
vn 0.6403 -0.4242 -0.6403
vn 0.6020 -0.5245 -0.6020
vn 0.7373 -0.5246 -0.4257
vn 0.4527 -0.4244 -0.7842
vn 0.4257 -0.5246 -0.7373
vn 0.4678 -0.3533 -0.8102
vn 0.6615 -0.3533 -0.6615
vn 0.8102 -0.3533 -0.4678
vn -0.7071 0.0091 -0.7071
vn -0.7071 0.0033 -0.7071
vn -0.7070 -0.0128 -0.7070
vn -0.5000 -0.0128 -0.8660
vn -0.5000 0.0091 -0.8660
vn -0.5000 0.0033 -0.8660
vn -0.2588 0.0091 -0.9659
vn -0.2588 0.0033 -0.9659
vn -0.2588 -0.0128 -0.9658
vn 0.8661 -0.0173 0.4996
vn 0.7070 -0.0187 0.7070
vn 0.7057 -0.0626 0.7057
vn 0.8646 -0.0608 0.4987
vn 0.4996 -0.0173 0.8661
vn 0.4987 -0.0608 0.8646
vn -0.0000 -1.0000 -0.0000
vn 0.9648 -0.0552 0.2572
vn 0.8313 -0.2166 0.5119
vn 0.9529 -0.1964 0.2313
vn 0.8102 -0.3533 0.4678
vn 0.9036 -0.3533 0.2421
vn 0.9420 -0.2213 0.2524
vn 0.8446 -0.2213 0.4876
vn 0.9355 -0.3533 -0.0000
vn 0.9752 -0.2213 -0.0000
vn 0.9729 -0.2312 -0.0000
vn 0.9398 -0.2311 0.2518
vn 0.8426 -0.2312 0.4865
vn -0.7842 -0.4244 -0.4527
vn -0.8747 -0.4242 -0.2344
vn -0.8224 -0.5245 -0.2204
vn -0.7373 -0.5246 -0.4257
vn -0.9054 -0.4246 0.0001
vn -0.8514 -0.5246 -0.0000
vn -0.9355 -0.3533 -0.0000
vn -0.9036 -0.3533 -0.2421
vn -0.8102 -0.3533 -0.4678
vn -0.8736 -0.4264 0.2344
vn -0.8224 -0.5245 0.2204
vn -0.7809 -0.4324 0.4507
vn -0.7373 -0.5246 0.4257
vn -0.8102 -0.3533 0.4678
vn -0.9036 -0.3533 0.2421
vn -0.6323 -0.4480 0.6320
vn -0.6020 -0.5245 0.6020
vn -0.4374 -0.4788 0.7612
vn -0.4257 -0.5246 0.7373
vn -0.4678 -0.3533 0.8102
vn -0.6615 -0.3533 0.6615
vn -0.2208 -0.5080 0.8326
vn -0.2204 -0.5245 0.8224
vn 0.0009 -0.5223 0.8528
vn -0.0000 -0.5246 0.8514
vn -0.0000 -0.3533 0.9355
vn -0.2421 -0.3533 0.9036
vn 0.2202 -0.5254 0.8219
vn 0.2204 -0.5245 0.8224
vn 0.4268 -0.5194 0.7404
vn 0.4257 -0.5246 0.7373
vn 0.4678 -0.3533 0.8102
vn 0.2421 -0.3533 0.9036
vn 0.6107 -0.5016 0.6127
vn 0.6020 -0.5245 0.6020
vn 0.7632 -0.4706 0.4427
vn 0.7373 -0.5246 0.4257
vn 0.6615 -0.3533 0.6615
vn 0.8666 -0.4417 0.2321
vn 0.8224 -0.5245 0.2204
vn 0.9031 -0.4294 -0.0004
vn 0.8514 -0.5246 -0.0000
vn -0.0000 -0.4244 -0.9055
vn -0.2344 -0.4242 -0.8747
vn -0.2204 -0.5245 -0.8224
vn -0.0000 -0.5246 -0.8514
vn -0.4527 -0.4244 -0.7842
vn -0.4257 -0.5246 -0.7373
vn -0.4678 -0.3533 -0.8102
vn -0.2421 -0.3533 -0.9036
vn -0.0000 -0.3533 -0.9355
vn 0.2344 -0.4242 -0.8747
vn 0.2204 -0.5245 -0.8224
vn 0.2421 -0.3533 -0.9036
vn 0.8741 -0.4256 -0.2341
vn 0.8224 -0.5245 -0.2204
vn 0.9036 -0.3533 -0.2421
vn -0.6403 -0.4242 -0.6403
vn -0.6020 -0.5245 -0.6020
vn -0.6615 -0.3533 -0.6615
vn 0.8641 0.0668 0.4989
vn 0.9638 0.0668 0.2582
vn 0.9540 0.1569 0.2556
vn 0.8553 0.1569 0.4938
vn 0.9978 0.0668 -0.0000
vn 0.9876 0.1569 -0.0000
vn 0.9658 0.2594 -0.0000
vn 0.9329 0.2594 0.2500
vn 0.8364 0.2594 0.4829
vn -0.6896 -0.2213 -0.6896
vn -0.4876 -0.2213 -0.8446
vn -0.8446 -0.2213 -0.4876
vn -0.8426 -0.2312 -0.4865
vn -0.6880 -0.2311 -0.6880
vn -0.4865 -0.2312 -0.8426
vn 0.2524 -0.2213 -0.9420
vn 0.4876 -0.2213 -0.8446
vn -0.0000 -0.2213 -0.9752
vn -0.0000 -0.2312 -0.9729
vn 0.2518 -0.2311 -0.9398
vn 0.4865 -0.2312 -0.8426
vn -0.6896 -0.2213 0.6896
vn -0.8446 -0.2213 0.4876
vn -0.4876 -0.2213 0.8446
vn -0.4865 -0.2312 0.8426
vn -0.6880 -0.2311 0.6880
vn -0.8426 -0.2312 0.4865
vn 0.6896 -0.2213 0.6896
vn 0.4876 -0.2213 0.8446
vn 0.6880 -0.2311 0.6880
vn 0.4865 -0.2312 0.8426
vn -0.2524 -0.2213 -0.9420
vn -0.2518 -0.2311 -0.9398
vn 0.6896 -0.2213 -0.6896
vn 0.8446 -0.2213 -0.4876
vn 0.6880 -0.2311 -0.6880
vn 0.8426 -0.2312 -0.4865
vn -0.9420 -0.2213 0.2524
vn -0.9752 -0.2213 -0.0000
vn -0.9398 -0.2311 0.2518
vn -0.9729 -0.2312 -0.0000
vn 0.2524 -0.2213 0.9420
vn -0.0000 -0.2213 0.9752
vn 0.2518 -0.2311 0.9398
vn -0.0000 -0.2312 0.9729
vn 0.9420 -0.2213 -0.2524
vn 0.9398 -0.2311 -0.2518
vn -0.9420 -0.2213 -0.2524
vn -0.9398 -0.2311 -0.2518
vn -0.2524 -0.2213 0.9420
vn -0.2518 -0.2311 0.9398
vn -0.4989 0.0668 -0.8641
vn -0.7055 0.0668 -0.7055
vn -0.6983 0.1569 -0.6983
vn -0.4938 0.1569 -0.8553
vn -0.8641 0.0668 -0.4989
vn -0.8553 0.1569 -0.4938
vn -0.8364 0.2594 -0.4829
vn -0.6829 0.2594 -0.6829
vn -0.4829 0.2594 -0.8364
vn 0.4989 0.0668 -0.8641
vn 0.2582 0.0668 -0.9638
vn 0.2556 0.1569 -0.9540
vn 0.4938 0.1569 -0.8553
vn -0.0000 0.0668 -0.9978
vn -0.0000 0.1569 -0.9876
vn -0.0000 0.2594 -0.9658
vn 0.2500 0.2594 -0.9329
vn 0.4829 0.2594 -0.8364
vn -0.8641 0.0668 0.4989
vn -0.7055 0.0668 0.7055
vn -0.6983 0.1569 0.6983
vn -0.8553 0.1569 0.4938
vn -0.4989 0.0668 0.8641
vn -0.4938 0.1569 0.8553
vn -0.4829 0.2594 0.8364
vn -0.6829 0.2594 0.6829
vn -0.8364 0.2594 0.4829
vn 0.4989 0.0668 0.8641
vn 0.7055 0.0668 0.7055
vn 0.6983 0.1569 0.6983
vn 0.4938 0.1569 0.8553
vn 0.6829 0.2594 0.6829
vn 0.4829 0.2594 0.8364
vn -0.2582 0.0668 -0.9638
vn -0.2556 0.1569 -0.9540
vn -0.2500 0.2594 -0.9329
vn 0.8641 0.0668 -0.4989
vn 0.7055 0.0668 -0.7055
vn 0.6983 0.1569 -0.6983
vn 0.8553 0.1569 -0.4938
vn 0.6829 0.2594 -0.6829
vn 0.8364 0.2594 -0.4829
vn -0.9978 0.0668 -0.0000
vn -0.9638 0.0668 0.2582
vn -0.9540 0.1569 0.2556
vn -0.9876 0.1569 -0.0000
vn -0.9329 0.2594 0.2500
vn -0.9658 0.2594 -0.0000
vn -0.0000 0.0668 0.9978
vn 0.2582 0.0668 0.9638
vn 0.2556 0.1569 0.9540
vn -0.0000 0.1569 0.9876
vn 0.2500 0.2594 0.9329
vn -0.0000 0.2594 0.9658
vn 0.9638 0.0668 -0.2582
vn 0.9540 0.1569 -0.2556
vn 0.9329 0.2594 -0.2500
vn -0.9638 0.0668 -0.2582
vn -0.9540 0.1569 -0.2556
vn -0.9329 0.2594 -0.2500
vn -0.2582 0.0668 0.9638
vn -0.2556 0.1569 0.9540
vn -0.2500 0.2594 0.9329
vn -0.4781 -0.2926 0.8281
vn -0.2475 -0.2925 0.9237
vn -0.2515 -0.2358 0.9387
vn -0.4859 -0.2358 0.8416
vn -0.0000 -0.2926 0.9562
vn -0.0000 -0.2358 0.9718
vn -0.0000 -0.1111 0.9938
vn -0.2572 -0.1111 0.9600
vn -0.4969 -0.1111 0.8607
vn -0.8281 -0.2926 -0.4781
vn -0.9237 -0.2925 -0.2475
vn -0.9387 -0.2358 -0.2515
vn -0.8416 -0.2358 -0.4859
vn -0.9562 -0.2926 -0.0000
vn -0.9718 -0.2358 -0.0000
vn -0.9938 -0.1111 -0.0000
vn -0.9600 -0.1111 -0.2572
vn -0.8607 -0.1111 -0.4969
vn 0.9562 -0.2926 -0.0000
vn 0.9237 -0.2925 -0.2475
vn 0.9387 -0.2358 -0.2515
vn 0.9718 -0.2358 -0.0000
vn 0.8281 -0.2926 -0.4781
vn 0.8416 -0.2358 -0.4859
vn 0.8607 -0.1111 -0.4969
vn 0.9600 -0.1111 -0.2572
vn 0.9938 -0.1111 -0.0000
vn 0.2475 -0.2925 0.9237
vn 0.2515 -0.2358 0.9387
vn 0.4781 -0.2926 0.8281
vn 0.4859 -0.2358 0.8416
vn 0.4969 -0.1111 0.8607
vn 0.2572 -0.1111 0.9600
vn -0.9237 -0.2925 0.2475
vn -0.9387 -0.2358 0.2515
vn -0.8281 -0.2926 0.4781
vn -0.8416 -0.2358 0.4859
vn -0.8607 -0.1111 0.4969
vn -0.9600 -0.1111 0.2572
vn 0.6762 -0.2925 -0.6762
vn 0.6872 -0.2358 -0.6872
vn 0.4781 -0.2926 -0.8281
vn 0.4859 -0.2358 -0.8416
vn 0.4969 -0.1111 -0.8607
vn 0.7027 -0.1111 -0.7027
vn -0.0000 -0.2926 -0.9562
vn -0.2475 -0.2925 -0.9237
vn -0.2515 -0.2358 -0.9387
vn -0.0000 -0.2358 -0.9718
vn -0.4781 -0.2926 -0.8281
vn -0.4859 -0.2358 -0.8416
vn -0.4969 -0.1111 -0.8607
vn -0.2572 -0.1111 -0.9600
vn -0.0000 -0.1111 -0.9938
vn 0.6762 -0.2925 0.6762
vn 0.6872 -0.2358 0.6872
vn 0.8281 -0.2926 0.4781
vn 0.8416 -0.2358 0.4859
vn 0.8607 -0.1111 0.4969
vn 0.7027 -0.1111 0.7027
vn -0.6762 -0.2925 0.6762
vn -0.6872 -0.2358 0.6872
vn -0.7027 -0.1111 0.7027
vn 0.2475 -0.2925 -0.9237
vn 0.2515 -0.2358 -0.9387
vn 0.2572 -0.1111 -0.9600
vn -0.6762 -0.2925 -0.6762
vn -0.6872 -0.2358 -0.6872
vn -0.7027 -0.1111 -0.7027
vn 0.9237 -0.2925 0.2475
vn 0.9387 -0.2358 0.2515
vn 0.9600 -0.1111 0.2572
vn -0.2588 0.0079 0.9659
vn -0.5000 0.0079 0.8660
vn -0.0000 0.0079 1.0000
vn -0.0000 0.0606 0.9982
vn -0.2583 0.0606 0.9642
vn -0.4991 0.0606 0.8644
vn -0.9659 0.0079 -0.2588
vn -0.8660 0.0079 -0.5000
vn -1.0000 0.0079 -0.0000
vn -0.9982 0.0606 -0.0000
vn -0.9642 0.0606 -0.2583
vn -0.8644 0.0606 -0.4991
vn 0.9659 0.0079 -0.2588
vn 1.0000 0.0079 -0.0000
vn 0.8660 0.0079 -0.5000
vn 0.8644 0.0606 -0.4991
vn 0.9642 0.0606 -0.2583
vn 0.9982 0.0606 -0.0000
vn 0.2588 0.0079 0.9659
vn 0.5000 0.0079 0.8660
vn 0.4991 0.0606 0.8644
vn 0.2583 0.0606 0.9642
vn -0.9659 0.0079 0.2588
vn -0.8660 0.0079 0.5000
vn -0.8644 0.0606 0.4991
vn -0.9642 0.0606 0.2583
vn 0.7071 0.0079 -0.7071
vn 0.5000 0.0079 -0.8660
vn 0.4991 0.0606 -0.8644
vn 0.7058 0.0606 -0.7058
vn -0.2588 0.0079 -0.9659
vn -0.0000 0.0079 -1.0000
vn -0.5000 0.0079 -0.8660
vn -0.4991 0.0606 -0.8644
vn -0.2583 0.0606 -0.9642
vn -0.0000 0.0606 -0.9982
vn 0.7071 0.0079 0.7071
vn 0.8660 0.0079 0.5000
vn 0.8644 0.0606 0.4991
vn 0.7058 0.0606 0.7058
vn -0.7071 0.0079 0.7071
vn -0.7058 0.0606 0.7058
vn 0.2588 0.0079 -0.9659
vn 0.2583 0.0606 -0.9642
vn -0.7071 0.0079 -0.7071
vn -0.7058 0.0606 -0.7058
vn 0.9659 0.0079 0.2588
vn 0.9642 0.0606 0.2583
vn 0.9252 -0.2871 0.2479
vn 0.8295 -0.2872 0.4789
vn 0.9579 -0.2872 -0.0000
vn -0.6773 -0.2871 -0.6773
vn -0.4789 -0.2872 -0.8295
vn -0.8295 -0.2872 -0.4789
vn 0.2479 -0.2871 -0.9252
vn 0.4789 -0.2872 -0.8295
vn -0.0000 -0.2872 -0.9579
vn -0.6773 -0.2871 0.6773
vn -0.8295 -0.2872 0.4789
vn -0.4789 -0.2872 0.8295
vn 0.6773 -0.2871 0.6773
vn 0.4789 -0.2872 0.8295
vn -0.2479 -0.2871 -0.9252
vn 0.6773 -0.2871 -0.6773
vn 0.8295 -0.2872 -0.4789
vn -0.9252 -0.2871 0.2479
vn -0.9579 -0.2872 -0.0000
vn 0.2479 -0.2871 0.9252
vn -0.0000 -0.2872 0.9579
vn 0.9252 -0.2871 -0.2479
vn -0.9252 -0.2871 -0.2479
vn -0.2479 -0.2871 0.9252
vn -0.7936 0.5471 0.2662
vn -0.9085 0.4173 0.0214
vn -0.8438 0.4994 0.1966
vn -0.7344 0.6291 0.2546
vn -0.9426 0.3337 -0.0115
vn -0.9104 0.3640 0.1966
vn -0.8768 0.3652 0.3128
vn -0.7944 0.5344 0.2886
vn -0.6786 0.6849 0.2652
vn 0.2704 -0.0034 0.9627
vn 0.2995 0.0073 0.9541
vn 0.3969 -0.0000 0.9179
vn 0.3311 0.0098 0.9436
vn 0.1297 0.5016 0.8553
vn 0.1046 0.5016 0.8587
vn 0.0135 0.3493 0.9369
vn 0.0377 0.3816 0.9236
vn -0.0151 0.1622 0.9866
vn -0.0025 0.1764 0.9843
vn 0.5792 -0.0233 0.8149
vn 0.4482 -0.0066 0.8939
vn 0.5406 0.0337 0.8406
vn 0.3984 0.0543 0.9156
vn 0.6639 0.0113 0.7477
vn 0.6699 0.0040 0.7425
vn 0.5856 0.0155 0.8105
vn 0.4902 0.0354 0.8709
vn 0.4458 0.0633 0.8929
vn 0.3528 0.0887 0.9315
vn 0.2426 0.0638 0.9680
vn 0.0677 0.0488 0.9965
vn 0.2401 0.0971 0.9659
vn 0.1027 0.0722 0.9921
vn 0.0302 0.0034 0.9995
vn 0.2496 -0.0034 0.9683
vn 0.2498 -0.0039 0.9683
vn -0.0081 0.0002 1.0000
vn 0.4550 -0.0000 0.8905
vn 0.4900 0.0026 0.8717
vn 0.4930 -0.0557 0.8682
vn 0.2532 -0.0668 0.9651
vn -0.0016 -0.0643 0.9979
vn -0.1324 0.0065 0.9912
vn -0.0940 -0.0211 0.9954
vn 0.0657 -0.0242 0.9975
vn -0.2152 0.0003 0.9766
vn -0.2079 -0.0066 0.9781
vn -0.2072 -0.0018 0.9783
vn -0.1294 -0.0151 0.9915
vn -0.0620 -0.0324 0.9975
vn -0.0235 -0.0403 0.9989
vn 0.1039 -0.0472 0.9935
vn -0.0278 0.0430 0.9987
vn -0.3142 0.0954 0.9445
vn -0.3743 0.1060 0.9212
vn 0.4866 -0.1867 0.8534
vn 0.4406 -0.0215 0.8975
vn 0.4179 -0.0201 0.9083
vn 0.4884 -0.2076 0.8476
vn 0.4143 0.1444 0.8986
vn 0.3971 0.1544 0.9047
vn -0.0597 -0.0479 0.9971
vn -0.2964 -0.0567 0.9534
vn -0.2368 -0.0547 0.9700
vn -0.9422 -0.3322 0.0446
vn -0.9833 -0.1723 0.0588
vn -0.9389 -0.2927 -0.1811
vn -0.9085 -0.4070 0.0949
vn -0.9790 0.0028 0.2036
vn -0.9844 0.1753 0.0170
vn -0.9885 0.0015 0.1513
vn -0.9199 0.2812 -0.2733
vn 0.0223 -0.0430 0.9988
vn 0.1231 -0.0323 0.9919
vn 0.3762 0.3403 0.8618
vn 0.3568 0.3668 0.8591
vn 0.2907 0.4938 0.8196
vn 0.2797 0.4899 0.8257
vn 0.1767 -0.0307 0.9838
vn 0.2198 -0.0332 0.9750
vn 0.6157 -0.0282 0.7875
vn -0.0260 0.0025 0.9997
vn -0.0100 0.0021 0.9999
vn -0.0561 -0.1662 0.9845
vn -0.0515 -0.1862 0.9812
vn 0.3977 -0.0177 0.9173
vn 0.5817 0.0290 0.8129
vn 0.5460 0.0195 0.8375
vn 0.8217 0.3280 -0.4660
vn 0.8758 0.1773 -0.4489
vn 0.6821 0.2782 -0.6763
vn 0.8184 0.4110 -0.4016
vn 0.9615 -0.0021 -0.2749
vn 0.8904 -0.1855 -0.4157
vn 0.9617 -0.0029 -0.2739
vn 0.8382 -0.3393 -0.4270
vn 0.8336 -0.4196 -0.3592
vn 0.7249 -0.3024 -0.6189
vn 0.2282 -0.2582 0.9388
vn 0.2202 -0.2056 0.9535
vn 0.4121 -0.3595 0.8372
vn 0.3108 -0.4764 0.8225
vn 0.2120 -0.1150 0.9705
vn 0.4286 -0.1832 0.8847
vn 0.4764 -0.3938 0.7861
vn 0.3392 -0.5484 0.7644
vn -0.3137 0.0058 0.9495
vn -0.3166 0.0056 0.9485
vn -0.3159 0.0203 0.9486
vn -0.2559 0.0138 0.9666
vn -0.2405 -0.0395 0.9699
vn -0.3185 0.0013 0.9479
vn -0.3132 0.0039 0.9497
vn -0.2098 0.0064 0.9777
vn -0.2060 0.0020 0.9786
vn -0.3229 0.0010 0.9464
vn -0.2120 0.0142 0.9772
vn 0.6728 -0.0009 0.7398
vn 0.7427 0.0206 0.6693
vn 0.6877 0.0123 0.7259
vn 0.5991 0.0031 0.8007
vn 0.6916 -0.0354 0.7214
vn 0.6723 0.0024 0.7403
vn 0.7455 0.0059 0.6665
vn 0.7491 0.0067 0.6624
vn 0.6686 -0.0040 0.7436
vn 0.7436 0.0002 0.6686
vn 0.7439 0.0024 0.6683
vn 0.6726 0.0033 0.7400
vn 0.7443 0.0021 0.6678
vn 0.8398 0.4897 -0.2345
vn 0.8914 0.3584 -0.2776
vn 0.8385 0.5294 -0.1292
vn 0.7738 0.6217 -0.1215
vn 0.7246 0.6806 -0.1086
vn 0.8357 0.5293 -0.1466
vn 0.9179 0.3600 -0.1669
vn 0.4281 -0.8818 0.1979
vn 0.6933 -0.7137 0.0999
vn 0.6141 -0.7888 0.0261
vn 0.4044 -0.9105 0.0862
vn 0.8425 -0.5306 -0.0929
vn 0.7764 -0.6235 -0.0920
vn 0.7252 -0.6826 -0.0902
vn 0.5786 -0.8147 -0.0377
vn 0.4053 -0.9141 0.0119
vn 0.4387 0.8823 0.1706
vn 0.1878 0.9648 0.1844
vn 0.2067 0.9743 0.0898
vn 0.4100 0.9100 0.0614
vn 0.0553 0.9803 0.1897
vn 0.0339 0.9929 0.1138
vn 0.0259 0.9960 0.0856
vn 0.2182 0.9752 0.0362
vn 0.4056 0.9140 -0.0105
vn -0.8411 -0.4849 0.2397
vn -0.9086 -0.3574 0.2161
vn -0.7799 -0.5212 0.3466
vn -0.7233 -0.6160 0.3122
vn -0.6770 -0.6781 0.2860
vn -0.7937 -0.5268 0.3042
vn -0.8762 -0.3579 0.3228
vn -0.0576 0.9671 0.2476
vn -0.1280 0.9755 0.1789
vn -0.2855 0.8918 0.3509
vn -0.3228 0.9126 0.2510
vn -0.3517 0.9163 0.1916
vn -0.1654 0.9764 0.1387
vn 0.0515 -0.9782 0.2011
vn 0.1819 -0.9631 0.1984
vn 0.2033 -0.9731 0.1084
vn 0.0322 -0.9909 0.1306
vn 0.2182 -0.9741 0.0591
vn 0.0261 -0.9937 0.1086
vn 0.8442 -0.4927 -0.2109
vn 0.8940 -0.3636 -0.2620
vn 0.9184 -0.3632 -0.1572
vn 0.8364 -0.5319 -0.1323
vn -0.2714 -0.8809 0.3878
vn -0.0609 -0.9626 0.2641
vn -0.1262 -0.9722 0.1974
vn -0.3099 -0.9088 0.2793
vn -0.1648 -0.9730 0.1617
vn -0.3498 -0.9119 0.2146
vn -0.9531 -0.1798 0.2434
vn -0.9669 0.0029 0.2552
vn -0.9251 -0.1769 0.3359
vn -0.9410 0.0035 0.3385
vn -0.9542 0.1849 0.2352
vn -0.9256 0.1840 0.3309
vn 0.9480 -0.1850 -0.2588
vn 0.9669 -0.0023 -0.2553
vn 0.9843 -0.0016 -0.1764
vn 0.9684 -0.1821 -0.1704
vn -0.5766 0.7300 0.3669
vn -0.5407 0.7913 0.2855
vn -0.5266 0.8169 0.2355
vn 0.9470 0.1797 -0.2664
vn 0.9681 0.1788 -0.1755
vn 0.6971 0.7145 0.0603
vn 0.6162 0.7876 -0.0046
vn 0.5784 0.8136 -0.0589
vn -0.5515 -0.7100 0.4380
vn -0.5215 -0.7854 0.3333
vn -0.5241 -0.8115 0.2585
vn 0.6950 -0.5173 0.4993
vn 0.7845 -0.4025 0.4717
vn 0.7353 -0.3531 0.5786
vn 0.6544 -0.4502 0.6075
vn 0.8500 -0.2731 0.4505
vn 0.7980 -0.2426 0.5517
vn 0.7327 -0.2244 0.6425
vn 0.6734 -0.3207 0.6661
vn 0.6003 -0.4029 0.6909
vn 0.1710 0.7580 0.6295
vn 0.0247 0.7435 0.6683
vn 0.0652 0.6570 0.7510
vn 0.1951 0.6672 0.7189
vn -0.1156 0.6995 0.7052
vn -0.0606 0.6210 0.7815
vn -0.0052 0.5553 0.8317
vn 0.1025 0.5819 0.8068
vn 0.2116 0.5878 0.7808
vn 0.1712 -0.7429 0.6472
vn 0.3172 -0.7281 0.6076
vn 0.3240 -0.6343 0.7019
vn 0.1953 -0.6497 0.7347
vn 0.4569 -0.6840 0.5687
vn 0.4461 -0.5941 0.6694
vn 0.4210 -0.5217 0.7420
vn 0.3189 -0.5552 0.7681
vn 0.2119 -0.5692 0.7944
vn -0.1155 -0.6828 0.7214
vn 0.0249 -0.7275 0.6856
vn 0.0654 -0.6390 0.7665
vn -0.0604 -0.6024 0.7959
vn 0.1029 -0.5630 0.8200
vn -0.0046 -0.5360 0.8442
vn -0.5673 0.0092 0.8234
vn -0.5539 -0.1316 0.8221
vn -0.4856 -0.1215 0.8657
vn -0.5022 0.0096 0.8647
vn -0.5136 -0.2696 0.8146
vn -0.4397 -0.2468 0.8636
vn -0.1905 -0.1649 0.9677
vn -0.2420 -0.0834 0.9667
vn -0.2636 0.0108 0.9646
vn -0.5138 0.2882 0.8081
vn -0.5541 0.1501 0.8188
vn -0.4856 0.1409 0.8627
vn -0.4397 0.2664 0.8577
vn -0.2411 0.1051 0.9648
vn -0.1894 0.1865 0.9640
vn 0.8894 -0.1354 0.4367
vn 0.8392 -0.1216 0.5300
vn 0.9024 0.0051 0.4309
vn 0.8542 0.0060 0.5199
vn 0.6397 0.0088 0.7686
vn 0.6210 -0.0702 0.7807
vn -0.2442 0.6283 0.7386
vn -0.1774 0.5611 0.8085
vn -0.3562 0.5330 0.7675
vn -0.2816 0.4799 0.8309
vn -0.0586 0.3074 0.9498
vn 0.0222 0.3414 0.9397
vn 0.8893 0.1459 0.4333
vn 0.8395 0.1340 0.5265
vn 0.8499 0.2840 0.4439
vn 0.7984 0.2559 0.5450
vn 0.7335 0.2389 0.6363
vn 0.6211 0.0881 0.7787
vn -0.3560 -0.5150 0.7798
vn -0.2441 -0.6109 0.7532
vn -0.1773 -0.5420 0.8215
vn -0.2815 -0.4604 0.8419
vn 0.0221 -0.3197 0.9472
vn -0.0590 -0.2858 0.9565
vn 0.6948 0.5293 0.4869
vn 0.5842 0.6253 0.5174
vn 0.5572 0.5473 0.6245
vn 0.6545 0.4652 0.5960
vn 0.4566 0.6974 0.5524
vn 0.4459 0.6104 0.6547
vn 0.4212 0.5393 0.7292
vn 0.5161 0.4873 0.7044
vn 0.6009 0.4191 0.6806
vn -0.4471 0.4180 0.7908
vn -0.3701 0.3807 0.8474
vn -0.1275 0.2533 0.9589
vn 0.5844 -0.6127 0.5321
vn 0.5572 -0.5316 0.6378
vn 0.5156 -0.4704 0.7161
vn 0.7844 0.4139 0.4620
vn 0.7356 0.3673 0.5692
vn 0.6742 0.3361 0.6576
vn -0.4469 -0.3996 0.8004
vn -0.3700 -0.3611 0.8560
vn -0.1281 -0.2317 0.9643
vn 0.3170 0.7424 0.5903
vn 0.3237 0.6512 0.6864
vn 0.3189 0.5733 0.7547
vn 0.2693 0.0110 0.9630
vn 0.2635 0.0091 0.9646
vn 0.2629 0.0061 0.9648
vn 0.2683 0.0090 0.9633
vn 0.2508 0.0049 0.9680
vn 0.2533 0.0023 0.9674
vn 0.2554 0.0010 0.9668
vn 0.2617 0.0044 0.9652
vn 0.2663 0.0087 0.9638
vn 0.2693 0.0117 0.9630
vn 0.2699 0.0115 0.9628
vn 0.2693 0.0124 0.9630
vn 0.2683 0.0138 0.9632
vn 0.2699 0.0114 0.9628
vn 0.2694 0.0114 0.9629
vn 0.2675 0.0170 0.9634
vn 0.2655 0.0215 0.9639
vn 0.2609 0.0276 0.9650
vn 0.2699 0.0113 0.9628
vn 0.2700 0.0114 0.9628
vn 0.2694 0.0113 0.9630
vn 0.2694 0.0114 0.9630
vn 0.2634 0.0136 0.9646
vn 0.2633 0.0124 0.9646
vn 0.2507 0.0179 0.9679
vn 0.2491 0.0148 0.9684
vn 0.2485 0.0114 0.9686
vn 0.2634 0.0114 0.9646
vn 0.2675 0.0058 0.9635
vn 0.2678 0.0099 0.9634
vn 0.2663 0.0141 0.9638
vn 0.2616 0.0184 0.9650
vn 0.2628 0.0167 0.9647
vn 0.2554 0.0219 0.9666
vn 0.2533 0.0206 0.9672
vn 0.2323 -0.0029 0.9726
vn 0.2634 0.0091 0.9646
vn 0.2633 0.0104 0.9646
vn 0.2305 0.0042 0.9731
vn 0.2297 0.0115 0.9732
vn 0.2372 -0.0188 0.9713
vn 0.2502 -0.0133 0.9681
vn 0.2628 0.0061 0.9648
vn 0.2320 -0.0117 0.9726
vn 0.2609 -0.0048 0.9654
vn 0.2655 0.0013 0.9641
vn 0.2693 0.0103 0.9630
vn 0.2324 0.0259 0.9723
vn 0.2321 0.0346 0.9721
vn 0.2502 0.0361 0.9675
vn 0.2373 0.0416 0.9706
vn 0.2305 0.0188 0.9729
vn 0.2693 0.0104 0.9630
vn 0.2678 0.0129 0.9634
vn 0.2634 0.0104 0.9646
vn 0.2491 0.0080 0.9684
vn 0.2038 0.2560 0.9450
vn 0.1775 0.1886 0.9659
vn 0.0426 0.0878 0.9952
vn 0.1427 0.1204 0.9824
vn 0.1711 0.0880 0.9813
vn 0.0078 0.0476 0.9988
vn -0.0627 0.0322 0.9975
vn -0.0233 0.0509 0.9984
vn 0.2365 -0.2740 0.9322
vn 0.2499 -0.1146 0.9615
vn 0.1512 -0.1022 0.9832
vn 0.2412 -0.2533 0.9368
vn 0.3351 -0.1067 0.9361
vn 0.3801 -0.0563 0.9232
vn 0.2509 -0.0608 0.9661
vn 0.2554 -0.0931 0.9623
vn 0.2507 0.0012 0.9681
vn 0.4240 0.0022 0.9057
vn 0.4376 -0.0450 0.8981
vn 0.2473 0.0961 0.9642
vn 0.4083 0.0535 0.9113
vn 0.5091 0.0034 0.8607
vn 0.5184 -0.0250 0.8548
vn 0.2046 -0.5031 0.8397
vn 0.1048 -0.4641 0.8796
vn 0.1915 -0.5841 0.7888
vn 0.0528 -0.5378 0.8414
vn 0.0276 -0.3322 0.9428
vn 0.2486 -0.1887 0.9501
vn -0.0522 -0.3722 0.9267
vn 0.0219 -0.1540 0.9878
vn 0.4109 -0.0818 0.9080
vn 0.4823 -0.0422 0.8750
vn 0.1950 -0.0138 0.9807
vn 0.0184 -0.0056 0.9998
vn 0.0193 -0.0555 0.9983
vn -0.0577 -0.0023 0.9983
vn 0.2495 -0.2303 0.9406
vn 0.2477 -0.0545 0.9673
vn 0.2036 0.5399 0.8167
vn 0.2092 0.5244 0.8254
vn 0.2548 -0.0092 0.9669
vn 0.2491 -0.2508 0.9354
vn -0.0000 0.9997 -0.0231
vn -0.0039 0.9998 -0.0198
vn -0.0000 1.0000 -0.0000
vn 0.0039 0.9998 -0.0198
vn -0.0055 0.9999 -0.0108
vn 0.0055 0.9999 -0.0108
vn -0.0072 0.9999 -0.0072
vn -0.0108 0.9999 -0.0055
vn 0.0351 -0.9993 0.0099
vn 0.3701 -0.9233 0.1027
vn 0.0099 -0.9993 0.0351
vn 0.1027 -0.9233 0.3701
vn -0.0198 0.9998 -0.0039
vn -0.0231 0.9997 -0.0000
vn -0.0198 0.9998 0.0039
vn -0.0108 0.9999 0.0055
vn 0.0072 0.9999 -0.0072
vn -0.0099 -0.9993 0.0351
vn -0.1027 -0.9233 0.3701
vn -0.0351 -0.9993 0.0099
vn -0.3701 -0.9233 0.1027
vn 0.0108 0.9999 -0.0055
vn -0.6635 0.3458 0.6635
vn -0.5171 0.3413 0.7849
vn -0.5422 0.2181 0.8114
vn -0.6901 0.2181 0.6901
vn -0.3518 0.3293 0.8762
vn -0.3735 0.2181 0.9016
vn -0.3794 0.1309 0.9159
vn -0.5508 0.1309 0.8243
vn -0.7010 0.1309 0.7010
vn -0.0072 0.9999 0.0072
vn -0.0055 0.9999 0.0108
vn 0.0099 -0.9993 -0.0351
vn 0.1027 -0.9233 -0.3700
vn 0.0351 -0.9993 -0.0099
vn 0.3701 -0.9233 -0.1027
vn 0.0198 0.9998 -0.0039
vn 0.0108 0.9999 0.0055
vn 0.0198 0.9998 0.0039
vn 0.0231 0.9997 -0.0000
vn -0.0351 -0.9993 -0.0099
vn -0.3701 -0.9233 -0.1027
vn -0.0099 -0.9993 -0.0351
vn -0.1027 -0.9233 -0.3700
vn 0.0055 0.9999 0.0108
vn 0.0072 0.9999 0.0072
vn -0.0039 0.9998 0.0198
vn -0.0000 0.9997 0.0231
vn 0.0039 0.9998 0.0198
vn 0.3518 0.3293 0.8762
vn 0.5171 0.3413 0.7849
vn 0.5422 0.2181 0.8114
vn 0.3735 0.2181 0.9016
vn 0.6635 0.3458 0.6635
vn 0.6901 0.2181 0.6901
vn 0.7010 0.1309 0.7010
vn 0.5508 0.1309 0.8243
vn 0.3794 0.1309 0.9159
vn -0.9500 0.3124 -0.0000
vn -0.9331 0.3158 0.1718
vn -0.9572 0.2181 0.1904
vn -0.9759 0.2181 -0.0000
vn -0.8762 0.3293 0.3518
vn -0.9016 0.2181 0.3735
vn -0.9159 0.1309 0.3794
vn -0.9723 0.1309 0.1934
vn -0.9914 0.1309 -0.0000
vn -0.0000 0.3124 -0.9500
vn -0.1718 0.3158 -0.9332
vn -0.1904 0.2181 -0.9572
vn -0.0000 0.2181 -0.9759
vn -0.3518 0.3293 -0.8762
vn -0.3735 0.2181 -0.9016
vn -0.3794 0.1309 -0.9159
vn -0.1934 0.1309 -0.9723
vn -0.0000 0.1309 -0.9914
vn 0.7849 0.3413 0.5171
vn 0.8114 0.2181 0.5422
vn 0.8762 0.3293 0.3518
vn 0.9016 0.2181 0.3735
vn 0.9159 0.1309 0.3794
vn 0.8243 0.1309 0.5508
vn 0.9500 0.3124 -0.0000
vn 0.9331 0.3158 -0.1718
vn 0.9572 0.2181 -0.1904
vn 0.9759 0.2181 -0.0000
vn 0.8762 0.3293 -0.3518
vn 0.9016 0.2181 -0.3735
vn 0.9159 0.1309 -0.3794
vn 0.9723 0.1309 -0.1934
vn 0.9914 0.1309 -0.0000
vn -0.0000 0.3124 0.9500
vn 0.1718 0.3158 0.9332
vn 0.1904 0.2181 0.9572
vn -0.0000 0.2181 0.9759
vn 0.1934 0.1309 0.9723
vn -0.0000 0.1309 0.9914
vn -0.1718 0.3158 0.9332
vn -0.1904 0.2181 0.9572
vn -0.1934 0.1309 0.9723
vn 0.9332 0.3158 0.1718
vn 0.9572 0.2181 0.1904
vn 0.9723 0.1309 0.1934
vn -0.6635 0.3458 -0.6635
vn -0.7849 0.3413 -0.5171
vn -0.8114 0.2181 -0.5422
vn -0.6901 0.2181 -0.6901
vn -0.8762 0.3293 -0.3518
vn -0.9016 0.2181 -0.3735
vn -0.9159 0.1309 -0.3794
vn -0.8243 0.1309 -0.5508
vn -0.7010 0.1309 -0.7010
vn -0.9332 0.3158 -0.1718
vn -0.9572 0.2181 -0.1904
vn -0.9723 0.1309 -0.1934
vn -0.5171 0.3413 -0.7849
vn -0.5422 0.2181 -0.8114
vn -0.5508 0.1309 -0.8243
vn 0.6635 0.3458 -0.6635
vn 0.5171 0.3413 -0.7849
vn 0.5422 0.2181 -0.8114
vn 0.6901 0.2181 -0.6901
vn 0.3518 0.3293 -0.8762
vn 0.3735 0.2181 -0.9016
vn 0.3794 0.1309 -0.9159
vn 0.5508 0.1309 -0.8243
vn 0.7010 0.1309 -0.7010
vn 0.1718 0.3158 -0.9332
vn 0.1904 0.2181 -0.9572
vn 0.1934 0.1309 -0.9723
vn 0.7849 0.3413 -0.5171
vn 0.8114 0.2181 -0.5422
vn 0.8243 0.1309 -0.5508
vn -0.7849 0.3413 0.5171
vn -0.8115 0.2181 0.5422
vn -0.8243 0.1309 0.5508
vn 0.3882 0.0769 -0.9184
vn 0.2033 0.0573 -0.9774
vn 0.1826 0.0930 -0.9788
vn 0.3700 0.1365 -0.9189
vn -0.0002 0.0453 -0.9990
vn 0.0004 0.0745 -0.9972
vn 0.1474 0.8348 -0.5304
vn -0.0018 0.7212 -0.6927
vn 0.0012 0.8571 -0.5152
vn 0.0784 0.8992 -0.4305
vn 0.1874 0.9011 -0.3910
vn 0.1148 0.9562 -0.2691
vn 0.9179 0.0792 0.3887
vn 0.9773 0.0584 0.2038
vn 0.9788 0.0944 0.1817
vn 0.9188 0.1408 0.3688
vn 0.9990 0.0453 0.0002
vn 0.9972 0.0745 -0.0004
vn 0.5194 0.8420 0.1462
vn 0.6927 0.7212 0.0018
vn 0.5152 0.8571 -0.0012
vn 0.4262 0.9013 0.0777
vn 0.3775 0.9078 0.1828
vn 0.2612 0.9588 0.1119
vn -0.9990 0.0453 -0.0002
vn -0.9774 0.0573 0.2033
vn -0.9788 0.0930 0.1826
vn -0.9972 0.0745 0.0004
vn -0.9184 0.0769 0.3882
vn -0.9189 0.1365 0.3700
vn -0.5304 0.8348 0.1474
vn -0.3910 0.9011 0.1874
vn -0.2691 0.9562 0.1148
vn -0.4305 0.8992 0.0784
vn -0.6927 0.7212 -0.0018
vn -0.5152 0.8571 0.0012
vn -0.7037 0.0977 -0.7037
vn -0.8257 0.0932 -0.5564
vn -0.8215 0.1769 -0.5420
vn -0.6943 0.1892 -0.6943
vn -0.9179 0.0792 -0.3887
vn -0.9188 0.1408 -0.3688
vn -0.2961 0.9316 -0.2108
vn -0.3775 0.9078 -0.1828
vn -0.2612 0.9588 -0.1119
vn -0.1893 0.9733 -0.1297
vn -0.2454 0.9378 -0.2454
vn -0.1523 0.9765 -0.1523
vn 0.0002 0.0453 0.9990
vn 0.2038 0.0584 0.9773
vn 0.1817 0.0944 0.9788
vn -0.0004 0.0745 0.9972
vn 0.3887 0.0792 0.9179
vn 0.3688 0.1408 0.9188
vn 0.1462 0.8420 0.5194
vn 0.1828 0.9078 0.3775
vn 0.1119 0.9588 0.2612
vn 0.0777 0.9013 0.4262
vn 0.0018 0.7212 0.6927
vn -0.0012 0.8571 0.5152
vn -0.3887 0.0792 -0.9179
vn -0.5564 0.0932 -0.8257
vn -0.5420 0.1769 -0.8215
vn -0.3688 0.1408 -0.9188
vn -0.2108 0.9316 -0.2961
vn -0.1297 0.9733 -0.1893
vn -0.1828 0.9078 -0.3775
vn -0.1119 0.9588 -0.2612
vn 0.7040 0.0940 -0.7040
vn 0.5562 0.0898 -0.8262
vn 0.5434 0.1694 -0.8222
vn 0.6955 0.1804 -0.6955
vn 0.2188 0.9256 -0.3090
vn 0.1351 0.9709 -0.1977
vn 0.2563 0.9320 -0.2563
vn 0.1595 0.9742 -0.1595
vn 0.9184 0.0769 -0.3882
vn 0.8262 0.0898 -0.5562
vn 0.8222 0.1694 -0.5434
vn 0.9189 0.1365 -0.3700
vn 0.3090 0.9256 -0.2188
vn 0.1977 0.9709 -0.1351
vn 0.3910 0.9011 -0.1874
vn 0.2691 0.9562 -0.1148
vn -0.8262 0.0898 0.5562
vn -0.8222 0.1694 0.5434
vn -0.7040 0.0940 0.7040
vn -0.6955 0.1804 0.6955
vn -0.3090 0.9256 0.2188
vn -0.2563 0.9320 0.2563
vn -0.1595 0.9742 0.1595
vn -0.1977 0.9709 0.1351
vn -0.5562 0.0898 0.8262
vn -0.5434 0.1694 0.8222
vn -0.3882 0.0769 0.9184
vn -0.3700 0.1365 0.9189
vn -0.2188 0.9256 0.3090
vn -0.1874 0.9011 0.3910
vn -0.1148 0.9562 0.2691
vn -0.1351 0.9709 0.1977
vn 0.5564 0.0932 0.8257
vn 0.5420 0.1769 0.8215
vn 0.7037 0.0977 0.7037
vn 0.6943 0.1892 0.6943
vn 0.2108 0.9316 0.2961
vn 0.2454 0.9378 0.2454
vn 0.1523 0.9765 0.1523
vn 0.1297 0.9733 0.1893
vn -0.2038 0.0584 -0.9773
vn -0.1817 0.0944 -0.9788
vn -0.1462 0.8420 -0.5194
vn -0.0777 0.9013 -0.4262
vn 0.8257 0.0932 0.5564
vn 0.8215 0.1769 0.5420
vn 0.2961 0.9316 0.2108
vn 0.1893 0.9733 0.1297
vn 0.9774 0.0573 -0.2033
vn 0.9788 0.0930 -0.1826
vn 0.5304 0.8348 -0.1474
vn 0.4305 0.8992 -0.0784
vn -0.9773 0.0584 -0.2038
vn -0.9788 0.0944 -0.1817
vn -0.5194 0.8419 -0.1462
vn -0.4262 0.9013 -0.0777
vn -0.2033 0.0573 0.9774
vn -0.1826 0.0930 0.9788
vn -0.1474 0.8348 0.5304
vn -0.0784 0.8992 0.4305
vn -0.0000 1.0000 -0.0059
vn 0.0180 0.9991 -0.0388
vn -0.0000 0.9966 -0.0821
vn -0.0177 0.9991 -0.0375
vn -0.0059 1.0000 -0.0000
vn -0.0025 1.0000 -0.0022
vn -0.0268 0.9994 -0.0206
vn -0.0375 0.9991 -0.0177
vn -0.0023 1.0000 -0.0023
vn -0.0227 0.9995 -0.0227
vn -0.0000 1.0000 0.0059
vn 0.0022 1.0000 0.0025
vn -0.0022 1.0000 0.0026
vn 0.0023 1.0000 0.0023
vn -0.0023 1.0000 0.0023
vn 0.0059 1.0000 -0.0000
vn 0.0388 0.9991 -0.0180
vn 0.0280 0.9994 -0.0213
vn 0.0026 1.0000 -0.0022
vn 0.0237 0.9994 -0.0237
vn 0.0023 1.0000 -0.0023
vn 0.0025 1.0000 0.0022
vn 0.0268 0.9994 0.0206
vn 0.0227 0.9995 0.0227
vn 0.0375 0.9991 0.0177
vn 0.0821 0.9966 -0.0000
vn -0.0180 0.9991 0.0388
vn -0.0213 0.9994 0.0280
vn -0.0237 0.9994 0.0237
vn -0.0000 0.9966 0.0821
vn 0.0177 0.9991 0.0375
vn 0.0206 0.9994 0.0268
vn -0.0388 0.9991 0.0180
vn -0.0821 0.9966 -0.0000
vn -0.0280 0.9994 0.0213
vn -0.0026 1.0000 0.0022
vn -0.0022 1.0000 -0.0025
vn -0.0206 0.9994 -0.0268
vn 0.0022 1.0000 -0.0026
vn 0.0213 0.9994 -0.0280
vn 0.2573 -0.0119 0.9663
vn 0.2572 -0.0552 0.9648
vn -0.0000 -0.0076 1.0000
vn -0.0000 -0.0513 0.9987
vn 0.5119 -0.2166 0.8313
vn 0.7041 -0.0919 0.7041
vn -0.2573 -0.0119 0.9663
vn -0.2572 -0.0552 0.9648
vn -0.4995 -0.0176 0.8661
vn -0.4987 -0.0612 0.8646
vn -0.7070 -0.0192 0.7070
vn -0.7057 -0.0631 0.7057
vn -0.8661 -0.0176 0.4995
vn -0.8646 -0.0612 0.4987
vn -0.9663 -0.0119 0.2573
vn -0.9648 -0.0552 0.2572
vn -1.0000 -0.0076 -0.0000
vn -0.9987 -0.0513 -0.0000
vn -0.9663 -0.0119 -0.2573
vn -0.9648 -0.0552 -0.2572
vn -0.8661 -0.0173 -0.4996
vn -0.8646 -0.0608 -0.4987
vn -0.4987 -0.0608 -0.8646
vn -0.2572 -0.0552 -0.9648
vn -0.2313 -0.1964 -0.9529
vn -0.5119 -0.2166 -0.8313
vn 0.4995 -0.0176 -0.8661
vn 0.7070 -0.0192 -0.7070
vn 0.7057 -0.0631 -0.7057
vn 0.4987 -0.0612 -0.8646
vn 0.8661 -0.0176 -0.4995
vn 0.8646 -0.0612 -0.4987
vn -0.7070 -0.0187 -0.7070
vn -0.7057 -0.0626 -0.7057
vn -0.4996 -0.0173 -0.8661
vn -0.8313 -0.2166 -0.5119
vn -0.9529 -0.1964 -0.2313
vn 0.9663 -0.0119 -0.2573
vn 0.9648 -0.0552 -0.2572
vn 1.0000 -0.0076 -0.0000
vn 0.9987 -0.0513 -0.0000
vn 0.9958 -0.0919 -0.0000
vn 0.9663 -0.0119 0.2573
vn 0.9618 -0.0919 -0.2577
vn -0.2573 -0.0119 -0.9663
vn -0.0000 -0.0076 -1.0000
vn -0.0000 -0.0513 -0.9987
vn -0.7041 -0.0919 -0.7041
vn 0.2573 -0.0119 -0.9663
vn 0.2572 -0.0552 -0.9648
vn -0.0000 0.0046 -1.0000
vn 0.2588 0.0046 -0.9659
vn 0.2585 -0.0187 -0.9658
vn -0.0000 -0.0188 -0.9998
vn 0.5000 0.0046 -0.8660
vn 0.4999 -0.0186 -0.8659
vn -0.5000 0.0046 -0.8660
vn -0.2588 0.0046 -0.9659
vn -0.2585 -0.0187 -0.9658
vn -0.4999 -0.0186 -0.8659
vn 1.0000 0.0046 -0.0000
vn 0.9659 0.0046 0.2588
vn 0.9658 -0.0187 0.2585
vn 0.9998 -0.0188 -0.0000
vn 0.8660 0.0045 0.5000
vn 0.8659 -0.0186 0.4999
vn 0.8660 0.0046 -0.5000
vn 0.9659 0.0046 -0.2588
vn 0.9658 -0.0187 -0.2585
vn 0.8659 -0.0186 -0.4999
vn -0.8660 0.0046 -0.5000
vn -0.7071 0.0046 -0.7071
vn -0.7070 -0.0185 -0.7070
vn -0.8659 -0.0186 -0.4999
vn 0.7071 0.0046 -0.7071
vn 0.7070 -0.0185 -0.7070
vn -1.0000 0.0046 -0.0000
vn -0.9659 0.0046 -0.2588
vn -0.9658 -0.0187 -0.2585
vn -0.9998 -0.0188 -0.0000
vn -0.8660 0.0046 0.5000
vn -0.9659 0.0046 0.2588
vn -0.9658 -0.0187 0.2585
vn -0.8659 -0.0186 0.4999
vn -0.5000 0.0045 0.8660
vn -0.7071 0.0046 0.7071
vn -0.7070 -0.0185 0.7070
vn -0.4999 -0.0186 0.8659
vn -0.0000 0.0045 1.0000
vn -0.2588 0.0045 0.9659
vn -0.2585 -0.0187 0.9658
vn -0.0000 -0.0188 0.9998
vn 0.5000 0.0045 0.8660
vn 0.2588 0.0045 0.9659
vn 0.2585 -0.0187 0.9658
vn 0.4999 -0.0186 0.8659
vn 0.7071 0.0045 0.7071
vn 0.7070 -0.0185 0.7070
vn -0.7068 -0.0274 -0.7068
vn -0.4998 -0.0275 -0.8657
vn -0.8657 -0.0275 -0.4998
vn -0.6753 -0.2967 -0.6753
vn -0.8270 -0.2967 -0.4775
vn -0.4775 -0.2967 -0.8270
vn 0.9670 -0.0310 -0.2528
vn 0.9994 -0.0345 0.0050
vn 0.8663 -0.0280 -0.4987
vn 0.9220 -0.2990 -0.2461
vn 0.8270 -0.2971 -0.4773
vn 0.9523 -0.3051 0.0043
vn 0.2587 -0.0274 -0.9656
vn 0.4998 -0.0275 -0.8657
vn -0.0000 -0.0275 -0.9996
vn 0.2472 -0.2967 -0.9224
vn -0.0000 -0.2967 -0.9550
vn 0.4775 -0.2967 -0.8270
vn -0.2587 -0.0274 -0.9656
vn -0.2472 -0.2967 -0.9224
vn 0.9650 -0.0338 0.2601
vn 0.8586 -0.0413 0.5109
vn 0.9098 -0.3272 0.2554
vn 0.7984 -0.3761 0.4702
vn 0.6941 -0.0703 0.7164
vn 0.4909 -0.0999 0.8655
vn 0.6358 -0.4316 0.6399
vn 0.4417 -0.4655 0.7670
vn 0.2554 -0.1152 0.9599
vn 0.0102 -0.1106 0.9938
vn 0.2271 -0.4775 0.8488
vn -0.0007 -0.4710 0.8821
vn -0.2336 -0.0794 0.9691
vn -0.4897 -0.0418 0.8709
vn -0.2326 -0.4429 0.8659
vn -0.4546 -0.3904 0.8006
vn -0.7075 -0.0348 0.7059
vn -0.8623 -0.0361 0.5051
vn -0.6566 -0.3383 0.6741
vn -0.8207 -0.3102 0.4798
vn -0.9635 -0.0317 0.2657
vn -0.9996 -0.0281 0.0014
vn -0.9210 -0.3004 0.2480
vn -0.9548 -0.2972 0.0001
vn -0.9656 -0.0274 -0.2587
vn -0.9224 -0.2967 -0.2472
vn 0.7068 -0.0274 -0.7068
vn 0.6753 -0.2967 -0.6753
vn -0.2583 0.0633 0.9640
vn -0.4990 0.0633 0.8643
vn -0.0000 0.0633 0.9980
vn -0.9640 0.0633 -0.2583
vn -0.8643 0.0633 -0.4990
vn -0.9980 0.0633 -0.0000
vn 0.9640 0.0633 -0.2583
vn 0.9980 0.0633 -0.0000
vn 0.8643 0.0633 -0.4990
vn 0.2583 0.0633 0.9640
vn 0.4990 0.0633 0.8643
vn -0.9640 0.0633 0.2583
vn -0.8643 0.0633 0.4990
vn 0.7057 0.0633 -0.7057
vn 0.4990 0.0633 -0.8643
vn -0.2583 0.0633 -0.9640
vn -0.0000 0.0633 -0.9980
vn -0.4990 0.0633 -0.8643
vn 0.7057 0.0633 0.7057
vn 0.8643 0.0633 0.4990
vn -0.7057 0.0633 0.7057
vn 0.2583 0.0633 -0.9640
vn -0.7057 0.0633 -0.7057
vn 0.9640 0.0633 0.2583
vn -0.9958 -0.0919 -0.0000
vn -0.9618 -0.0919 0.2577
vn -0.0000 -0.0919 -0.9958
vn -0.8624 -0.0919 0.4979
vn 0.4979 -0.0919 -0.8624
vn 0.2577 -0.0919 -0.9618
vn -0.7041 -0.0919 0.7041
vn 0.7041 -0.0919 -0.7041
vn -0.4979 -0.0919 0.8624
vn 0.8624 -0.0919 -0.4979
vn -0.2577 -0.0919 0.9618
vn -0.0000 -0.0919 0.9958
vn 0.2313 -0.1964 0.9529
vn 0.0658 0.9557 -0.2868
vn -0.0000 0.9492 -0.3148
vn 0.1219 0.9667 -0.2252
vn 0.2188 0.9070 -0.3598
vn 0.1346 0.8845 -0.4468
vn -0.0000 0.8641 -0.5034
vn 0.1694 0.9709 -0.1694
vn 0.2252 0.9667 -0.1219
vn 0.3598 0.9070 -0.2188
vn 0.2864 0.9143 -0.2864
vn 0.2868 0.9557 -0.0658
vn 0.3148 0.9492 -0.0000
vn 0.5034 0.8640 -0.0000
vn 0.4468 0.8845 -0.1346
vn 0.2868 0.9557 0.0658
vn 0.2252 0.9667 0.1219
vn 0.3598 0.9070 0.2188
vn 0.4468 0.8845 0.1346
vn 0.1694 0.9709 0.1694
vn 0.1219 0.9667 0.2252
vn 0.2188 0.9070 0.3598
vn 0.2864 0.9143 0.2864
vn 0.0658 0.9557 0.2868
vn -0.0000 0.9492 0.3148
vn -0.0000 0.8640 0.5034
vn 0.1346 0.8845 0.4468
vn -0.0658 0.9557 0.2868
vn -0.1219 0.9667 0.2252
vn -0.2188 0.9070 0.3598
vn -0.1346 0.8845 0.4468
vn -0.1694 0.9709 0.1694
vn -0.2252 0.9667 0.1219
vn -0.3598 0.9070 0.2188
vn -0.2864 0.9143 0.2864
vn -0.2868 0.9557 0.0658
vn -0.3148 0.9492 -0.0000
vn -0.5034 0.8640 -0.0000
vn -0.4468 0.8845 0.1346
vn -0.2869 0.9557 -0.0658
vn -0.2252 0.9667 -0.1219
vn -0.3598 0.9070 -0.2188
vn -0.4468 0.8845 -0.1346
vn -0.1694 0.9709 -0.1694
vn -0.1219 0.9667 -0.2252
vn -0.2188 0.9070 -0.3598
vn -0.2864 0.9143 -0.2864
vn -0.0658 0.9557 -0.2868
vn -0.1346 0.8845 -0.4467
vn -0.0000 -0.9409 0.3387
vn 0.0616 -0.9380 0.3410
vn 0.1143 -0.9078 0.4034
vn 0.2140 0.3813 0.8993
vn 0.3661 0.4090 0.8359
vn -0.0000 0.3650 0.9310
vn -0.3387 -0.9409 -0.0000
vn -0.3410 -0.9380 0.0616
vn -0.4034 -0.9078 0.1143
vn -0.8993 0.3813 0.2140
vn -0.8359 0.4090 0.3661
vn -0.9310 0.3650 -0.0000
vn 0.0616 -0.9380 -0.3410
vn 0.1143 -0.9079 -0.4034
vn -0.0000 -0.9409 -0.3387
vn 0.2140 0.3813 -0.8993
vn -0.0000 0.3650 -0.9310
vn 0.3661 0.4090 -0.8359
vn -0.3410 -0.9380 -0.0616
vn -0.4034 -0.9078 -0.1143
vn -0.8993 0.3813 -0.2140
vn -0.8359 0.4090 -0.3661
vn 0.5926 0.5455 0.5926
vn 0.6505 0.5435 0.5305
vn 0.7407 0.4350 0.5120
vn 0.6154 0.4926 0.6154
vn 0.8461 -0.2575 0.4667
vn 0.8359 0.4090 0.3661
vn -0.5926 0.5455 0.5926
vn -0.5304 0.5436 0.6505
vn -0.5120 0.4350 0.7407
vn -0.6154 0.4926 0.6154
vn -0.4667 -0.2575 0.8461
vn -0.3661 0.4090 0.8359
vn 0.8461 -0.2575 -0.4667
vn 0.6505 0.5435 -0.5305
vn 0.5926 0.5455 -0.5926
vn 0.6154 0.4926 -0.6154
vn 0.7407 0.4350 -0.5120
vn 0.8359 0.4090 -0.3661
vn -0.4667 -0.2575 -0.8461
vn -0.5305 0.5435 -0.6505
vn -0.5927 0.5455 -0.5926
vn -0.6154 0.4925 -0.6154
vn -0.5120 0.4350 -0.7407
vn -0.3661 0.4090 -0.8359
vn 0.4667 -0.2575 0.8461
vn 0.5305 0.5435 0.6505
vn 0.5120 0.4350 0.7407
vn -0.8461 -0.2575 0.4667
vn -0.6505 0.5436 0.5305
vn -0.7407 0.4350 0.5120
vn 0.5304 0.5435 -0.6505
vn 0.5120 0.4350 -0.7407
vn 0.4667 -0.2575 -0.8461
vn -0.6506 0.5435 -0.5305
vn -0.7407 0.4350 -0.5120
vn -0.8461 -0.2575 -0.4667
vn 0.3410 -0.9380 0.0616
vn 0.4034 -0.9078 0.1143
vn 0.3387 -0.9409 -0.0000
vn 0.8993 0.3813 0.2140
vn 0.9310 0.3650 -0.0000
vn -0.0616 -0.9380 0.3410
vn -0.1143 -0.9078 0.4034
vn -0.2140 0.3813 0.8993
vn 0.3410 -0.9380 -0.0616
vn 0.4035 -0.9078 -0.1143
vn 0.8993 0.3813 -0.2140
vn -0.0616 -0.9380 -0.3410
vn -0.1143 -0.9079 -0.4034
vn -0.2140 0.3813 -0.8993
vn 0.2441 0.1089 0.9636
vn 0.2201 0.1181 0.9683
vn 0.2629 0.1001 0.9596
vn 0.2581 0.1809 0.9490
vn 0.2202 0.1937 0.9560
vn 0.1737 0.2045 0.9633
vn 0.2440 -0.0869 0.9659
vn 0.2629 -0.0781 0.9616
vn 0.2198 -0.0961 0.9708
vn 0.1735 -0.1819 0.9679
vn 0.2201 -0.1711 0.9604
vn 0.2581 -0.1585 0.9530
vn 0.0754 0.0499 0.9959
vn 0.0650 0.0117 0.9978
vn 0.0970 0.0815 0.9919
vn 0.3289 0.0262 0.9440
vn 0.3224 0.0392 0.9458
vn 0.3323 0.0111 0.9431
vn 0.3906 0.0597 0.9186
vn 0.3030 0.0746 0.9501
vn 0.2917 0.0830 0.9529
vn 0.3111 0.0644 0.9482
vn 0.3730 0.1165 0.9205
vn 0.3485 0.1402 0.9268
vn 0.3197 0.1544 0.9348
vn 0.3033 -0.0526 0.9514
vn 0.3115 -0.0423 0.9493
vn 0.2919 -0.0611 0.9545
vn 0.3197 -0.1322 0.9383
vn 0.3485 -0.1180 0.9299
vn 0.3729 -0.0944 0.9231
vn 0.1179 -0.0854 0.9893
vn 0.1450 -0.1060 0.9837
vn 0.0960 -0.0587 0.9936
vn 0.3178 -0.0299 0.9477
vn 0.3225 -0.0169 0.9464
vn 0.3840 -0.0647 0.9211
vn 0.3905 -0.0378 0.9198
vn 0.3288 -0.0039 0.9444
vn 0.0746 -0.0268 0.9969
vn 0.2786 -0.0695 0.9579
vn 0.2904 -0.1453 0.9458
vn 0.2784 0.0915 0.9561
vn 0.2904 0.1676 0.9421
vn 0.3176 0.0521 0.9468
vn 0.3842 0.0867 0.9192
vn 0.1188 0.1078 0.9870
vn 0.1456 0.1283 0.9810
vn 0.1878 -0.1050 0.9766
vn 0.1883 0.1272 0.9739
vn 0.2799 0.9105 0.3045
vn 0.4538 0.8531 0.2575
vn 0.0976 0.9303 0.3535
vn 0.1574 0.8004 0.5784
vn 0.3123 0.7838 0.5367
vn 0.4603 0.7359 0.4966
vn -0.6643 -0.4880 0.5661
vn -0.7462 -0.3284 0.5791
vn -0.5540 -0.6317 0.5423
vn -0.3995 -0.5432 0.7385
vn -0.4948 -0.4210 0.7602
vn -0.5652 -0.2841 0.7745
vn 0.8556 0.4969 0.1452
vn 0.9341 0.3367 0.1189
vn 0.7471 0.6407 0.1768
vn 0.7120 0.5571 0.4275
vn 0.8062 0.4348 0.4012
vn 0.8752 0.2977 0.3814
vn 0.6119 -0.7556 0.2339
vn 0.4542 -0.8461 0.2789
vn 0.7474 -0.6355 0.1937
vn 0.7122 -0.5464 0.4408
vn 0.5955 -0.6477 0.4752
vn 0.4606 -0.7237 0.5139
vn -0.6656 0.5013 0.5529
vn -0.5550 0.6446 0.5258
vn -0.7476 0.3415 0.5697
vn -0.5656 0.3018 0.7675
vn -0.4952 0.4386 0.7500
vn -0.3998 0.5603 0.7254
vn 0.6115 0.7616 0.2145
vn 0.5952 0.6591 0.4596
vn -0.4172 -0.7525 0.5096
vn -0.2588 -0.8440 0.4699
vn -0.1461 -0.7219 0.6764
vn -0.2818 -0.6452 0.7102
vn 0.9807 0.1691 0.0981
vn 0.9959 0.0011 0.0905
vn 0.9171 0.1524 0.3683
vn 0.9312 0.0043 0.3644
vn -0.4181 0.7647 0.4904
vn -0.2594 0.8552 0.4486
vn -0.2820 0.6617 0.6947
vn -0.1463 0.7377 0.6591
vn 0.9806 -0.1663 0.1041
vn 0.9340 -0.3331 0.1293
vn 0.9170 -0.1435 0.3721
vn 0.8751 -0.2882 0.3887
vn -0.7993 0.1739 0.5753
vn -0.8172 0.0059 0.5763
vn -0.6243 0.0086 0.7812
vn -0.6092 0.1566 0.7774
vn -0.7982 -0.1615 0.5803
vn -0.6090 -0.1392 0.7809
vn -0.0844 -0.9013 0.4248
vn 0.0981 -0.9212 0.3765
vn 0.1576 -0.7864 0.5972
vn 0.0025 -0.7699 0.6382
vn 0.2804 -0.9024 0.3271
vn 0.3125 -0.7708 0.5552
vn -0.0850 0.9116 0.4023
vn 0.0023 0.7848 0.6198
vn 0.8557 -0.4924 0.1590
vn 0.8063 -0.4248 0.4117
vn 0.3162 0.7486 0.5827
vn 0.4570 0.7034 0.5444
vn 0.1690 0.7643 0.6224
vn -0.4526 -0.4024 0.7957
vn -0.5191 -0.2713 0.8105
vn -0.3615 -0.5189 0.7746
vn 0.7874 0.4171 0.4538
vn 0.8532 0.2859 0.4362
vn 0.6973 0.5337 0.4785
vn 0.5860 -0.6183 0.5239
vn 0.4573 -0.6902 0.5608
vn 0.6975 -0.5220 0.4909
vn -0.4528 0.4207 0.7861
vn -0.3617 0.5368 0.7622
vn -0.5193 0.2898 0.8039
vn 0.5857 0.6307 0.5091
vn -0.2490 -0.6158 0.7475
vn -0.1195 -0.6885 0.7153
vn 0.8926 0.1467 0.4262
vn 0.9056 0.0051 0.4241
vn -0.2492 0.6331 0.7329
vn -0.1197 0.7051 0.6990
vn 0.8927 -0.1364 0.4296
vn 0.8533 -0.2752 0.4428
vn -0.5592 0.1508 0.8152
vn -0.5722 0.0091 0.8201
vn -0.5590 -0.1323 0.8185
vn 0.0219 -0.7338 0.6791
vn 0.1693 -0.7493 0.6402
vn 0.3164 -0.7346 0.6002
vn 0.0217 0.7495 0.6616
vn 0.7876 -0.4060 0.4635
vn -0.0292 -0.4121 0.9107
vn 0.0827 -0.5429 0.8357
vn 0.3489 -0.0344 0.9365
vn 0.2618 -0.0903 0.9609
vn 0.2437 -0.0986 0.9648
vn 0.2865 -0.0759 0.9551
vn 0.0406 0.0012 0.9992
vn 0.0487 0.1508 0.9874
vn 0.0726 0.3159 0.9460
vn 0.1413 0.4417 0.8860
vn 0.2393 0.2596 0.9356
vn 0.2421 0.1912 0.9512
vn 0.4535 -0.4217 0.7852
vn 0.3266 -0.5432 0.7735
vn 0.0634 0.0176 0.9978
vn 0.1720 -0.0369 0.9844
vn 0.2304 -0.0688 0.9707
vn 0.2444 -0.0772 0.9666
vn 0.3923 -0.0232 0.9195
vn 0.3637 0.1388 0.9211
vn 0.2020 -0.5741 0.7935
vn 0.2721 -0.0938 0.9577
vn 0.2572 0.1267 0.9580
vn 0.2338 -0.1032 0.9668
vn 0.3298 0.3180 0.8889
vn 0.2685 0.4418 0.8560
vn 0.2117 0.4751 0.8541
vn 0.2313 0.2794 0.9319
vn 0.2501 -0.0341 0.9676
vn 0.4186 -0.0305 0.9077
vn 0.0539 -0.0846 0.9950
vn 0.5593 -0.0207 0.8287
vn 0.5983 -0.0076 0.8013
vn 0.5954 0.0035 0.8034
vn 0.3752 0.1004 0.9215
vn 0.3117 0.1343 0.9406
vn -0.1261 -0.0000 0.9920
vn -0.1327 0.0170 0.9910
vn 0.2392 0.1435 0.9603
vn -0.0967 0.0333 0.9948
vn 0.7071 -0.0096 -0.7071
vn 0.5000 -0.0096 -0.8660
vn 0.8666 -0.0090 -0.4989
vn 0.6225 0.4743 -0.6225
vn 0.7623 0.4745 -0.4401
vn 0.4402 0.4744 -0.7624
vn 0.4401 0.4744 -0.7624
vn -0.2586 0.0431 0.9650
vn -0.4995 0.0431 0.8652
vn -0.0000 0.0431 0.9991
vn -0.1957 -0.6545 0.7303
vn -0.0000 -0.6546 0.7560
vn -0.3780 -0.6546 0.6547
vn 0.9650 0.0431 0.2586
vn 0.8652 0.0431 0.4995
vn 0.9991 0.0432 -0.0000
vn 0.7303 -0.6545 0.1957
vn 0.7559 -0.6546 -0.0000
vn 0.6547 -0.6546 0.3780
vn 0.2586 0.0431 0.9650
vn 0.4995 0.0431 0.8652
vn 0.1957 -0.6545 0.7303
vn 0.3780 -0.6546 0.6547
vn -0.9642 -0.0055 0.2651
vn -0.8648 -0.0025 0.5021
vn -1.0000 -0.0089 0.0014
vn -0.8506 0.4736 0.2282
vn -0.8803 0.4744 -0.0000
vn -0.8508 0.4736 0.2276
vn -0.7613 0.4736 0.4429
vn -0.7633 0.4736 0.4394
vn 0.9689 -0.0106 0.2471
vn 1.0000 -0.0033 0.0022
vn 0.8702 -0.0257 0.4920
vn 0.8313 0.5037 0.2349
vn 0.7111 0.5611 0.4237
vn 0.7132 0.5600 0.4216
vn 0.8342 0.5023 0.2276
vn 0.8780 0.4787 0.0034
vn 0.8780 0.4786 -0.0001
vn 0.9650 0.0432 -0.2586
vn 0.8652 0.0432 -0.4995
vn 0.7302 -0.6546 -0.1957
vn 0.6546 -0.6547 -0.3779
vn 0.6546 -0.6547 -0.3780
vn 0.7064 0.0431 0.7065
vn 0.5346 -0.6545 0.5346
vn -0.7065 0.0432 -0.7064
vn -0.4995 0.0432 -0.8652
vn -0.8652 0.0432 -0.4995
vn -0.5345 -0.6546 -0.5345
vn -0.6546 -0.6547 -0.3779
vn -0.6546 -0.6547 -0.3780
vn -0.3779 -0.6547 -0.6546
vn -0.7071 -0.0096 -0.7071
vn -0.8660 -0.0096 -0.5000
vn -0.5000 -0.0096 -0.8660
vn -0.6225 0.4743 -0.6225
vn -0.4402 0.4744 -0.7624
vn -0.4401 0.4744 -0.7624
vn -0.7624 0.4744 -0.4401
vn -0.7624 0.4744 -0.4402
vn 0.2581 -0.0353 0.9655
vn 0.5007 -0.0347 0.8649
vn 0.0006 -0.0327 0.9995
vn 0.1925 0.6677 0.7191
vn 0.0020 0.6578 0.7532
vn 0.0025 0.6579 0.7531
vn 0.1926 0.6677 0.7191
vn 0.3750 0.6568 0.6542
vn 0.7065 0.0432 -0.7064
vn 0.4995 0.0432 -0.8652
vn 0.5346 -0.6546 -0.5345
vn 0.3779 -0.6547 -0.6546
vn 0.5345 -0.6546 -0.5346
vn -0.4991 -0.0609 0.8644
vn -0.2583 -0.0609 0.9641
vn -0.2587 -0.0267 0.9656
vn -0.4998 -0.0267 0.8657
vn -0.0000 -0.0609 0.9981
vn -0.0000 -0.0267 0.9996
vn -0.0000 0.0043 1.0000
vn -0.2588 0.0043 0.9659
vn -0.5000 0.0043 0.8660
vn -0.4991 0.0609 -0.8644
vn -0.2583 0.0609 -0.9641
vn -0.2587 0.0267 -0.9656
vn -0.4998 0.0267 -0.8657
vn -0.0000 0.0609 -0.9981
vn -0.0000 0.0267 -0.9996
vn -0.0000 -0.0043 -1.0000
vn -0.2588 -0.0043 -0.9659
vn -0.5000 -0.0043 -0.8660
vn 0.8644 -0.0609 0.4991
vn 0.9641 -0.0609 0.2583
vn 0.9656 -0.0267 0.2587
vn 0.8657 -0.0267 0.4998
vn 0.9981 -0.0609 -0.0000
vn 0.9996 -0.0267 -0.0000
vn 1.0000 0.0043 -0.0000
vn 0.9659 0.0043 0.2588
vn 0.8660 0.0043 0.5000
vn 0.9981 0.0609 -0.0000
vn 0.9641 0.0609 0.2583
vn 0.9656 0.0267 0.2587
vn 0.9996 0.0267 -0.0000
vn 0.8644 0.0609 0.4991
vn 0.8657 0.0267 0.4998
vn 0.8660 -0.0043 0.5000
vn 0.9659 -0.0043 0.2588
vn 1.0000 -0.0043 -0.0000
vn 0.2583 -0.0609 0.9641
vn 0.2587 -0.0267 0.9656
vn 0.4991 -0.0609 0.8644
vn 0.4998 -0.0267 0.8657
vn 0.5000 0.0043 0.8660
vn 0.2588 0.0043 0.9659
vn -0.8644 0.0609 -0.4991
vn -0.7058 0.0609 -0.7058
vn -0.7069 0.0267 -0.7069
vn -0.8657 0.0267 -0.4998
vn -0.7071 -0.0043 -0.7071
vn -0.8660 -0.0043 -0.5000
vn 0.9641 -0.0609 -0.2583
vn 0.9656 -0.0267 -0.2587
vn 0.8644 -0.0609 -0.4991
vn 0.8657 -0.0267 -0.4998
vn 0.8660 0.0043 -0.5000
vn 0.9659 0.0043 -0.2588
vn 0.8644 0.0609 -0.4991
vn 0.9641 0.0609 -0.2583
vn 0.9656 0.0267 -0.2587
vn 0.8657 0.0267 -0.4998
vn 0.9659 -0.0043 -0.2588
vn 0.8660 -0.0043 -0.5000
vn 0.7058 -0.0609 0.7058
vn 0.7069 -0.0267 0.7069
vn 0.7071 0.0043 0.7071
vn -0.9981 0.0609 -0.0000
vn -0.9641 0.0609 -0.2583
vn -0.9656 0.0267 -0.2587
vn -0.9996 0.0267 -0.0000
vn -0.9659 -0.0043 -0.2588
vn -1.0000 -0.0043 -0.0000
vn -0.4991 -0.0609 -0.8644
vn -0.7058 -0.0609 -0.7058
vn -0.7069 -0.0267 -0.7069
vn -0.4998 -0.0267 -0.8657
vn -0.8644 -0.0609 -0.4991
vn -0.8657 -0.0267 -0.4998
vn -0.8660 0.0043 -0.5000
vn -0.7071 0.0043 -0.7071
vn -0.5000 0.0043 -0.8660
vn 0.4991 0.0609 -0.8644
vn 0.7058 0.0609 -0.7058
vn 0.7069 0.0267 -0.7069
vn 0.4998 0.0267 -0.8657
vn 0.7071 -0.0043 -0.7071
vn 0.5000 -0.0043 -0.8660
vn -0.2549 -0.0330 0.9664
vn -0.5083 -0.0272 0.8608
vn -0.1975 0.6212 0.7583
vn -0.4056 0.5546 0.7266
vn -0.4082 0.5536 0.7259
vn -0.1967 0.6214 0.7584
vn -0.2588 -0.0096 -0.9659
vn -0.0000 -0.0096 -1.0000
vn -0.2278 0.4743 -0.8503
vn -0.0000 0.4744 -0.8803
vn -0.2586 0.0432 -0.9650
vn -0.0000 0.0432 -0.9991
vn -0.1957 -0.6546 -0.7302
vn -0.0000 -0.6547 -0.7559
vn -0.7064 0.0431 0.7065
vn -0.8652 0.0432 0.4995
vn -0.5346 -0.6545 0.5346
vn -0.6547 -0.6546 0.3780
vn 0.2586 0.0432 -0.9650
vn 0.1957 -0.6546 -0.7302
vn 0.1956 -0.6546 -0.7302
vn 0.7070 -0.0328 0.7065
vn 0.5494 0.6224 0.5575
vn 0.5497 0.6223 0.5573
vn -0.9659 -0.0096 -0.2588
vn -0.8504 0.4743 -0.2278
vn -0.8504 0.4743 -0.2279
vn -0.9650 0.0432 0.2586
vn -0.9991 0.0432 -0.0000
vn -0.7302 -0.6546 0.1957
vn -0.7559 -0.6547 -0.0000
vn -0.9650 0.0432 -0.2586
vn -0.7302 -0.6546 -0.1956
vn -0.7302 -0.6546 -0.1957
vn 0.9674 -0.0059 -0.2531
vn 0.8501 0.4750 -0.2272
vn 0.8500 0.4750 -0.2277
vn -0.7166 -0.0105 0.6974
vn -0.6055 0.4953 0.6229
vn -0.6124 0.4938 0.6174
vn 0.2588 -0.0096 -0.9659
vn 0.2279 0.4743 -0.8503
vn 0.2278 0.4743 -0.8503
vn 0.7071 -0.0043 0.7071
vn 0.7071 -0.0000 0.7071
vn 0.8660 -0.0000 0.5000
vn 0.5000 -0.0043 0.8660
vn 0.5000 -0.0000 0.8660
vn 0.2588 -0.0043 0.9659
vn 0.2588 -0.0000 0.9659
vn -0.0000 -0.0043 1.0000
vn -0.0000 -0.0000 1.0000
vn -0.2588 -0.0043 0.9659
vn -0.2588 -0.0000 0.9659
vn -0.5000 -0.0043 0.8660
vn -0.5000 -0.0000 0.8660
vn -0.7071 -0.0043 0.7071
vn -0.7071 -0.0000 0.7071
vn -0.8660 -0.0043 0.5000
vn -0.8660 -0.0000 0.5000
vn -0.8660 0.0043 0.5000
vn -0.7071 0.0043 0.7071
vn -0.9659 -0.0043 0.2588
vn -0.9659 -0.0000 0.2588
vn -1.0000 -0.0000 -0.0000
vn -1.0000 0.0043 -0.0000
vn -0.9659 0.0043 0.2588
vn -0.9659 -0.0000 -0.2588
vn -0.8660 -0.0000 -0.5000
vn -0.9659 0.0043 -0.2588
vn 0.7071 -0.0000 -0.7071
vn 0.5000 -0.0000 -0.8660
vn 0.8660 -0.0000 -0.5000
vn 0.7071 0.0043 -0.7071
vn 0.5000 0.0043 -0.8660
vn -0.7071 -0.0000 -0.7071
vn -0.5000 -0.0000 -0.8660
vn 0.9659 -0.0000 -0.2588
vn 1.0000 -0.0000 -0.0000
vn 0.9659 -0.0000 0.2588
vn -0.2588 -0.0000 -0.9659
vn -0.0000 -0.0000 -1.0000
vn -0.0000 0.0043 -1.0000
vn -0.2588 0.0043 -0.9659
vn 0.2588 -0.0043 -0.9659
vn 0.2588 -0.0000 -0.9659
vn 0.2588 0.0043 -0.9659
vn 0.7058 0.0609 0.7058
vn 0.7069 0.0267 0.7069
vn 0.4991 0.0609 0.8644
vn 0.4998 0.0267 0.8657
vn -0.0000 -0.0609 -0.9981
vn -0.2583 -0.0609 -0.9641
vn -0.2587 -0.0267 -0.9656
vn -0.0000 -0.0267 -0.9996
vn -0.8644 -0.0609 0.4991
vn -0.7058 -0.0609 0.7058
vn -0.7069 -0.0267 0.7069
vn -0.8657 -0.0267 0.4998
vn 0.2583 0.0609 0.9641
vn 0.2587 0.0267 0.9656
vn -0.0000 0.0609 0.9981
vn -0.0000 0.0267 0.9996
vn 0.4991 -0.0609 -0.8644
vn 0.2583 -0.0609 -0.9641
vn 0.2587 -0.0267 -0.9656
vn 0.4998 -0.0267 -0.8657
vn -0.9981 -0.0609 -0.0000
vn -0.9641 -0.0609 0.2583
vn -0.9656 -0.0267 0.2587
vn -0.9996 -0.0267 -0.0000
vn -0.2583 0.0609 0.9641
vn -0.2587 0.0267 0.9656
vn -0.4991 0.0609 0.8644
vn -0.4998 0.0267 0.8657
vn -0.9641 -0.0609 -0.2583
vn -0.9656 -0.0267 -0.2587
vn -0.7058 0.0609 0.7058
vn -0.7069 0.0267 0.7069
vn -0.8644 0.0609 0.4991
vn -0.8657 0.0267 0.4998
vn 0.2583 0.0609 -0.9641
vn 0.2587 0.0267 -0.9656
vn 0.7058 -0.0609 -0.7058
vn 0.7069 -0.0267 -0.7069
vn -0.9641 0.0609 0.2583
vn -0.9656 0.0267 0.2587
vn -0.1948 0.0517 0.9795
vn -0.3822 0.0517 0.9226
vn -0.0000 0.0517 0.9987
vn -0.9795 0.0517 -0.1948
vn -0.9226 0.0517 -0.3822
vn -0.9987 0.0517 -0.0000
vn 0.9795 0.0517 -0.1948
vn 0.9987 0.0517 -0.0000
vn 0.9226 0.0517 -0.3822
vn 0.8304 0.0517 0.5548
vn 0.7062 0.0517 0.7062
vn 0.9226 0.0517 0.3822
vn -0.1948 0.0517 -0.9795
vn -0.0000 0.0517 -0.9987
vn -0.3822 0.0517 -0.9226
vn 0.5548 0.0517 0.8304
vn 0.3822 0.0517 0.9226
vn -0.5548 0.0517 0.8304
vn -0.7062 0.0517 0.7062
vn -0.8304 0.0517 0.5548
vn -0.9226 0.0517 0.3822
vn 0.8304 0.0517 -0.5548
vn 0.7062 0.0517 -0.7062
vn 0.5548 0.0517 -0.8304
vn 0.3822 0.0517 -0.9226
vn -0.5548 0.0517 -0.8304
vn -0.7062 0.0517 -0.7062
vn 0.1948 0.0517 0.9795
vn -0.8304 0.0517 -0.5548
vn -0.9795 0.0517 0.1948
vn 0.9795 0.0517 0.1948
vn 0.1948 0.0517 -0.9795
vn 0.0392 -0.4063 -0.9129
vn 0.2549 -0.4515 -0.8551
vn 0.2014 -0.4421 -0.8741
vn -0.0492 -0.3826 -0.9226
vn 0.4501 -0.4769 -0.7550
vn 0.4263 -0.4746 -0.7700
vn 0.6184 -0.4850 -0.6184
vn 0.7550 -0.4769 -0.4501
vn 0.7700 -0.4746 -0.4263
vn 0.8551 -0.4515 -0.2549
vn 0.8741 -0.4421 -0.2014
vn 0.9129 -0.4063 -0.0392
vn 0.9226 -0.3826 0.0492
vn 0.9056 -0.2880 0.3114
vn 0.8655 -0.2942 0.4055
vn 0.6383 -0.4303 0.6383
vn 0.4055 -0.2942 0.8655
vn 0.3114 -0.2880 0.9056
vn -0.0392 -0.4063 0.9129
vn 0.0492 -0.3826 0.9226
vn -0.2549 -0.4515 0.8551
vn -0.2014 -0.4421 0.8741
vn -0.4501 -0.4769 0.7550
vn -0.4263 -0.4746 0.7700
vn -0.6184 -0.4850 0.6184
vn -0.7550 -0.4769 0.4501
vn -0.7700 -0.4746 0.4263
vn -0.8551 -0.4515 0.2549
vn -0.8741 -0.4421 0.2014
vn -0.9129 -0.4063 0.0392
vn -0.9226 -0.3826 -0.0492
vn -0.9056 -0.2880 -0.3114
vn -0.8655 -0.2942 -0.4055
vn -0.6383 -0.4303 -0.6383
vn -0.4055 -0.2942 -0.8655
vn -0.3114 -0.2880 -0.9056
vt 0.627848 0.028694
vt 0.711248 0.031644
vt 0.625857 0.084238
vt 0.709496 0.087079
vt 0.623907 0.139742
vt 0.707654 0.142621
vt 0.622081 0.196716
vt 0.706073 0.199676
vt 0.611162 0.251994
vt 0.714115 0.255493
vt 0.601039 0.305742
vt 0.720685 0.310070
vt 0.596453 0.361733
vt 0.601089 0.370835
vt 0.721241 0.366902
vt 0.611731 0.424536
vt 0.716605 0.421527
vt 0.622591 0.479823
vt 0.707027 0.477082
vt 0.623784 0.537251
vt 0.708015 0.534642
vt 0.625559 0.593060
vt 0.709672 0.590494
vt 0.627366 0.648914
vt 0.711236 0.646244
vt 0.175433 0.725973
vt 0.218534 0.779912
vt 0.141624 0.666941
vt 0.115830 0.603981
vt 0.098285 0.538349
vt 0.089381 0.471382
vt 0.089350 0.403804
vt 0.098312 0.336798
vt 0.115919 0.271447
vt 0.141780 0.208605
vt 0.175742 0.149605
vt 0.218774 0.095987
vt 0.166777 0.731772
vt 0.210798 0.787482
vt 0.132311 0.671479
vt 0.106001 0.607290
vt 0.088164 0.540368
vt 0.079110 0.472066
vt 0.079066 0.403122
vt 0.088211 0.334765
vt 0.106130 0.268135
vt 0.132463 0.204047
vt 0.167116 0.143790
vt 0.211100 0.088447
vt 0.712680 0.964987
vt 0.649381 0.942802
vt 0.799751 0.953714
vt 0.855313 0.916140
vt 0.877500 0.852842
vt 0.866230 0.765770
vt 0.828658 0.710207
vt 0.765361 0.688018
vt 0.678289 0.699285
vt 0.622725 0.736855
vt 0.600533 0.800151
vt 0.611805 0.887242
vt 0.063749 0.621480
vt 0.044688 0.548918
vt 0.129812 0.119000
vt 0.175944 0.056877
vt 0.175330 0.819201
vt 0.129277 0.756377
vt 0.044834 0.326008
vt 0.064097 0.254020
vt 0.034981 0.475050
vt 0.092334 0.690967
vt 0.092375 0.184500
vt 0.034785 0.400192
vt 0.048226 0.626685
vt 0.116092 0.110031
vt 0.161656 0.830057
vt 0.028971 0.322790
vt 0.028783 0.552011
vt 0.162419 0.046098
vt 0.115463 0.765233
vt 0.048727 0.248892
vt 0.018833 0.476159
vt 0.077723 0.698087
vt 0.077636 0.177340
vt 0.018489 0.399114
vt 0.065963 0.544753
vt 0.193580 0.072047
vt 0.147694 0.744403
vt 0.084663 0.260909
vt 0.056578 0.473582
vt 0.111893 0.681435
vt 0.112014 0.194062
vt 0.056482 0.401628
vt 0.084439 0.614537
vt 0.148122 0.131086
vt 0.193132 0.803953
vt 0.066059 0.330298
vt 0.655437 0.315970
vt 0.767424 0.281210
vt 0.656105 0.366769
vt 0.791098 0.214372
vt 0.739555 0.271276
vt 0.670871 0.316448
vt 0.762680 0.204682
vt 0.671443 0.365631
vt 0.697886 0.313894
vt 0.627786 0.311637
vt 0.623729 0.361464
vt 0.627858 0.366661
vt 0.698863 0.364009
vt 0.687944 0.282105
vt 0.640189 0.281503
vt 0.640073 0.400743
vt 0.689343 0.397995
vt 0.675430 0.401268
vt 0.653690 0.403494
vt 0.654410 0.280005
vt 0.675311 0.279985
vt 0.673779 0.419885
vt 0.687254 0.417591
vt 0.657297 0.420782
vt 0.641947 0.418849
vt 0.686929 0.260561
vt 0.673093 0.258007
vt 0.657602 0.257750
vt 0.641637 0.259448
vt 0.753002 0.277223
vt 0.777243 0.209142
vt 0.795916 0.254070
vt 0.650070 0.340422
vt 0.734535 0.232626
vt 0.674750 0.341096
vt 0.760692 0.256329
vt 0.758378 0.278764
vt 0.782357 0.211050
vt 0.785868 0.271867
vt 0.650957 0.327609
vt 0.731347 0.252510
vt 0.674505 0.328337
vt 0.747917 0.275036
vt 0.772068 0.207417
vt 0.651785 0.354904
vt 0.799816 0.233665
vt 0.648825 0.353168
vt 0.743849 0.214730
vt 0.674923 0.353549
vt 0.759261 0.255027
vt 0.758230 0.252492
vt 0.758563 0.247955
vt 0.767590 0.251071
vt 0.772460 0.233827
vt 0.771470 0.231314
vt 0.765018 0.254814
vt 0.762628 0.256176
vt 0.760979 0.267135
vt 0.767509 0.265746
vt 0.777096 0.221745
vt 0.781298 0.226866
vt 0.775835 0.259894
vt 0.746400 0.249634
vt 0.749240 0.259429
vt 0.753480 0.264583
vt 0.756993 0.266550
vt 0.769710 0.219030
vt 0.773668 0.219728
vt 0.784103 0.236634
vt 0.782403 0.249116
vt 0.754702 0.226210
vt 0.748042 0.237057
vt 0.763114 0.220328
vt 0.768152 0.230126
vt 0.770076 0.230007
vt 0.772110 0.238313
vt 0.770427 0.244885
vt 0.763137 0.235153
vt 0.760256 0.241340
vt 0.763247 0.242377
vt 0.767444 0.243858
vt 0.765346 0.243119
vt 0.768281 0.234933
vt 0.762438 0.251339
vt 0.765753 0.231445
vt 0.764501 0.251588
vt 0.770038 0.236026
vt 0.766221 0.234670
vt 0.760669 0.250248
vt 0.655649 0.384230
vt 0.643327 0.319463
vt 0.684173 0.357755
vt 0.683361 0.320606
vt 0.643842 0.361809
vt 0.640112 0.358976
vt 0.655350 0.297816
vt 0.672418 0.381353
vt 0.671545 0.298320
vt 0.521388 0.907749
vt 0.833800 0.899558
vt 0.445892 0.720543
vt 0.339046 0.982310
vt 0.812076 0.731720
vt 0.259391 0.800653
vt 0.447660 0.986342
vt 0.523821 0.800045
vt 0.263196 0.908773
vt 0.337864 0.726141
vt 0.429512 0.943393
vt 0.480532 0.954252
vt 0.491575 0.766383
vt 0.262278 0.863878
vt 0.382785 0.724507
vt 0.401048 0.987762
vt 0.524802 0.845954
vt 0.294087 0.941407
vt 0.305748 0.757548
vt 0.388284 0.952297
vt 0.396051 0.758630
vt 0.297889 0.816486
vt 0.296304 0.851636
vt 0.431136 0.759475
vt 0.458116 0.782895
vt 0.488596 0.894248
vt 0.464758 0.920534
vt 0.474346 0.937178
vt 0.503503 0.900437
vt 0.474301 0.772846
vt 0.436791 0.744537
vt 0.278343 0.856207
vt 0.283239 0.810403
vt 0.390729 0.740477
vt 0.393250 0.971041
vt 0.438271 0.964285
vt 0.508433 0.853804
vt 0.501676 0.809202
vt 0.310940 0.935582
vt 0.284789 0.899912
vt 0.311841 0.774281
vt 0.347066 0.747598
vt 0.346641 0.964955
vt 0.490158 0.858504
vt 0.481229 0.817788
vt 0.326978 0.926194
vt 0.304849 0.891668
vt 0.321298 0.790605
vt 0.355786 0.767964
vt 0.374433 0.811721
vt 0.410995 0.898869
vt 0.392768 0.855175
vt 0.438188 0.836004
vt 0.347449 0.874078
vt 0.352913 0.950265
vt 0.366625 0.915294
vt 0.454033 0.878969
vt 0.418382 0.794817
vt 0.331926 0.831537
vt 0.478924 0.303701
vt 0.483814 0.357946
vt 0.488867 0.410848
vt 0.559214 0.616693
vt 0.491903 0.251014
vt 0.503440 0.198229
vt 0.513690 0.144555
vt 0.538679 0.565031
vt 0.541062 0.096689
vt 0.568501 0.049567
vt 0.517180 0.514895
vt 0.494320 0.465234
vt 0.695511 0.419310
vt 0.188540 0.717150
vt 0.155811 0.660031
vt 0.155966 0.215549
vt 0.188813 0.158437
vt 0.130833 0.276504
vt 0.113692 0.339895
vt 0.105002 0.404840
vt 0.105023 0.470344
vt 0.113701 0.535256
vt 0.130807 0.598938
vt 0.230033 0.107262
vt 0.229877 0.768589
vt 0.038323 0.630003
vt 0.107380 0.104370
vt 0.152888 0.836698
vt 0.018899 0.320740
vt 0.018683 0.553966
vt 0.153758 0.039524
vt 0.106683 0.770810
vt 0.038968 0.245646
vt 0.008577 0.476870
vt 0.068453 0.702606
vt 0.068233 0.172779
vt 0.008085 0.398425
vt 0.102986 0.773153
vt 0.149180 0.839412
vt 0.064548 0.704507
vt 0.034142 0.631404
vt 0.014429 0.554790
vt 0.004256 0.477167
vt 0.003692 0.398134
vt 0.014656 0.319878
vt 0.034859 0.244278
vt 0.064263 0.170855
vt 0.103709 0.101994
vt 0.150103 0.036829
vt 0.483025 0.946886
vt 0.665962 0.921288
vt 0.527794 0.910368
vt 0.484102 0.763882
vt 0.443532 0.726833
vt 0.265599 0.857018
vt 0.265678 0.803223
vt 0.389712 0.727722
vt 0.393961 0.984309
vt 0.445138 0.980432
vt 0.521423 0.852955
vt 0.517884 0.802494
vt 0.301280 0.943966
vt 0.268978 0.906401
vt 0.303312 0.764771
vt 0.340329 0.731887
vt 0.644237 0.753438
vt 0.336322 0.988452
vt 0.762064 0.234803
vt 0.759064 0.240924
vt 0.773147 0.238709
vt 0.771604 0.245294
vt 0.768555 0.228629
vt 0.770638 0.228460
vt 0.758645 0.256442
vt 0.760155 0.257879
vt 0.757528 0.247562
vt 0.757603 0.253032
vt 0.768638 0.251395
vt 0.765168 0.255618
vt 0.772114 0.229912
vt 0.773111 0.233294
vt 0.762235 0.257659
vt 0.765582 0.230610
vt 0.777404 0.247347
vt 0.772473 0.223186
vt 0.761402 0.263203
vt 0.758125 0.229967
vt 0.758257 0.263095
vt 0.779119 0.237411
vt 0.764342 0.224747
vt 0.769330 0.222993
vt 0.772454 0.256155
vt 0.766327 0.261378
vt 0.755704 0.261274
vt 0.752971 0.256792
vt 0.774972 0.225058
vt 0.777645 0.229533
vt 0.751440 0.248863
vt 0.753120 0.238838
vt 0.773288 0.245891
vt 0.771193 0.226864
vt 0.774915 0.238385
vt 0.768672 0.226907
vt 0.765625 0.257306
vt 0.756154 0.254059
vt 0.774552 0.232264
vt 0.757337 0.240318
vt 0.762096 0.259332
vt 0.760858 0.233417
vt 0.759590 0.259436
vt 0.765086 0.228879
vt 0.769792 0.252752
vt 0.757673 0.257831
vt 0.773080 0.228504
vt 0.755739 0.247888
vt 0.656113 0.304232
vt 0.680400 0.355919
vt 0.646424 0.322518
vt 0.647060 0.359334
vt 0.643570 0.356918
vt 0.679770 0.323460
vt 0.670534 0.304611
vt 0.656490 0.378429
vt 0.671332 0.375743
vt 0.686496 0.318483
vt 0.673786 0.386181
vt 0.636903 0.360000
vt 0.640742 0.363282
vt 0.654411 0.293379
vt 0.654534 0.388916
vt 0.640280 0.317073
vt 0.673251 0.293969
vt 0.687310 0.359612
vt 0.452231 0.416649
vt 0.446799 0.359125
vt 0.448233 0.301383
vt 0.455301 0.244704
vt 0.467371 0.188755
vt 0.484527 0.133801
vt 0.504737 0.581275
vt 0.507399 0.080035
vt 0.482113 0.528125
vt 0.531937 0.632607
vt 0.536422 0.028869
vt 0.464426 0.473295
vt 0.428022 0.034787
vt 0.425788 0.095697
vt 0.425176 0.156047
vt 0.424521 0.216146
vt 0.423613 0.275470
vt 0.422622 0.334022
vt 0.421979 0.391774
vt 0.422343 0.448949
vt 0.423401 0.507136
vt 0.424380 0.566216
vt 0.425380 0.625587
vt 0.427999 0.685516
vt 0.277251 0.274870
vt 0.277523 0.333440
vt 0.277731 0.391725
vt 0.277880 0.449874
vt 0.277890 0.508085
vt 0.277575 0.566502
vt 0.274572 0.097095
vt 0.276505 0.625240
vt 0.276088 0.156718
vt 0.270935 0.036776
vt 0.273351 0.684658
vt 0.276835 0.215964
vt 0.400268 0.033227
vt 0.398869 0.095279
vt 0.398478 0.155867
vt 0.398084 0.215843
vt 0.397481 0.275096
vt 0.396825 0.333696
vt 0.396462 0.391669
vt 0.396723 0.449301
vt 0.397420 0.507553
vt 0.398119 0.566556
vt 0.398892 0.626181
vt 0.400694 0.687243
vt 0.303289 0.274758
vt 0.303411 0.333364
vt 0.303521 0.391658
vt 0.303662 0.449822
vt 0.303751 0.508115
vt 0.303583 0.566738
vt 0.301261 0.096166
vt 0.302793 0.625967
vt 0.302480 0.156293
vt 0.298486 0.034477
vt 0.300493 0.686725
vt 0.303039 0.215756
vt 0.351125 0.757074
vt 0.287501 0.855886
vt 0.294325 0.895995
vt 0.467512 0.779415
vt 0.491941 0.813279
vt 0.467931 0.930391
vt 0.293324 0.814528
vt 0.318154 0.780928
vt 0.434180 0.954554
vt 0.393010 0.961592
vt 0.351008 0.954896
vt 0.317701 0.929364
vt 0.391195 0.749654
vt 0.432861 0.754774
vt 0.499105 0.854154
vt 0.493239 0.896240
vt 0.626858 0.056476
vt 0.710417 0.059334
vt 0.669410 0.030280
vt 0.667507 0.085681
vt 0.624925 0.111996
vt 0.708597 0.114838
vt 0.665622 0.141211
vt 0.622968 0.167654
vt 0.706807 0.170584
vt 0.664090 0.200197
vt 0.619596 0.226472
vt 0.707212 0.229535
vt 0.632562 0.256308
vt 0.605338 0.278295
vt 0.718231 0.282164
vt 0.614661 0.307639
vt 0.597915 0.333459
vt 0.721810 0.338265
vt 0.610183 0.362343
vt 0.614723 0.369667
vt 0.605485 0.398668
vt 0.719438 0.395595
vt 0.633600 0.420634
vt 0.620768 0.449726
vt 0.709182 0.446850
vt 0.665360 0.476184
vt 0.622985 0.509175
vt 0.707281 0.506511
vt 0.665730 0.535903
vt 0.624717 0.565149
vt 0.708867 0.562577
vt 0.667442 0.591753
vt 0.626469 0.620976
vt 0.710500 0.618397
vt 0.669162 0.647467
vt 0.628322 0.676931
vt 0.628897 0.000833
vt 0.711962 0.004071
vt 0.711856 0.673972
vt 0.195614 0.753678
vt 0.157510 0.696997
vt 0.127741 0.635883
vt 0.106026 0.571392
vt 0.092736 0.504988
vt 0.088261 0.437606
vt 0.092739 0.370154
vt 0.106081 0.303873
vt 0.127845 0.239652
vt 0.157760 0.178540
vt 0.195920 0.122024
vt 0.245286 0.803875
vt 0.245401 0.072224
vt 0.181741 0.721732
vt 0.726740 0.143229
vt 0.161967 0.657036
vt 0.148595 0.211941
vt 0.728837 0.589937
vt 0.194464 0.162256
vt 0.123083 0.273874
vt 0.105702 0.338286
vt 0.096871 0.404302
vt 0.096897 0.470883
vt 0.105692 0.536866
vt 0.123024 0.601559
vt 0.224229 0.101427
vt 0.730273 0.032148
vt 0.234704 0.763732
vt 0.187280 0.760299
vt 0.148427 0.702193
vt 0.118062 0.639851
vt 0.095932 0.574084
vt 0.082436 0.506356
vt 0.077868 0.437614
vt 0.082434 0.368773
vt 0.096028 0.301167
vt 0.118181 0.235680
vt 0.148686 0.173317
vt 0.187637 0.115409
vt 0.238216 0.812789
vt 0.238391 0.063357
vt 0.111462 0.605452
vt 0.093788 0.539248
vt 0.171912 0.147021
vt 0.215396 0.092648
vt 0.215128 0.783264
vt 0.171591 0.728552
vt 0.093823 0.335895
vt 0.111569 0.269974
vt 0.084817 0.471686
vt 0.137485 0.668957
vt 0.137640 0.206579
vt 0.084781 0.403501
vt 0.125171 0.806218
vt 0.082766 0.739313
vt 0.048409 0.668635
vt 0.023107 0.593105
vt 0.008155 0.516130
vt 0.002803 0.437938
vt 0.008058 0.358565
vt 0.023617 0.281777
vt 0.048406 0.207420
vt 0.083161 0.135704
vt 0.126101 0.069256
vt 0.174297 0.873742
vt 0.175056 0.002673
vt 0.035766 0.630860
vt 0.078181 0.542346
vt 0.105135 0.102916
vt 0.203341 0.081034
vt 0.150616 0.838367
vt 0.158214 0.737469
vt 0.016305 0.320213
vt 0.096477 0.264880
vt 0.068979 0.472746
vt 0.123128 0.675957
vt 0.123271 0.199555
vt 0.068916 0.402450
vt 0.073237 0.618297
vt 0.036353 0.550541
vt 0.138215 0.124527
vt 0.168848 0.051168
vt 0.183580 0.812313
vt 0.122038 0.761027
vt 0.054562 0.327976
vt 0.056043 0.251331
vt 0.026520 0.475630
vt 0.084676 0.694699
vt 0.084663 0.180753
vt 0.026261 0.399628
vt 0.038735 0.362854
vt 0.110176 0.151211
vt 0.077090 0.656708
vt 0.033780 0.437724
vt 0.077203 0.218972
vt 0.109843 0.724107
vt 0.203341 0.852192
vt 0.203853 0.024168
vt 0.038759 0.512115
vt 0.053434 0.289748
vt 0.151132 0.787803
vt 0.151759 0.087827
vt 0.053152 0.585360
vt 0.055627 0.624204
vt 0.122621 0.114294
vt 0.168160 0.824945
vt 0.036521 0.324323
vt 0.022854 0.553159
vt 0.157344 0.042212
vt 0.110309 0.768511
vt 0.042998 0.246986
vt 0.012813 0.476576
vt 0.072281 0.700741
vt 0.072120 0.174664
vt 0.012387 0.398710
vt 0.022600 0.360620
vt 0.095957 0.143059
vt 0.061994 0.662965
vt 0.017491 0.437815
vt 0.062063 0.212873
vt 0.095587 0.732128
vt 0.187929 0.864297
vt 0.188585 0.012098
vt 0.022648 0.514230
vt 0.037735 0.285550
vt 0.137507 0.797591
vt 0.138272 0.077964
vt 0.037354 0.589456
vt 0.054438 0.547013
vt 0.184114 0.063729
vt 0.137731 0.750905
vt 0.073522 0.257173
vt 0.044880 0.474375
vt 0.101297 0.686600
vt 0.101383 0.188882
vt 0.044738 0.400851
vt 0.096307 0.610549
vt 0.158589 0.138067
vt 0.202976 0.794926
vt 0.078250 0.332758
vt 0.074066 0.579872
vt 0.169451 0.101190
vt 0.168969 0.774495
vt 0.074248 0.295321
vt 0.060109 0.509306
vt 0.221907 0.043147
vt 0.221578 0.833117
vt 0.128720 0.713422
vt 0.097239 0.227116
vt 0.055341 0.437656
vt 0.097109 0.648460
vt 0.129015 0.162010
vt 0.060103 0.365761
vt 0.658500 0.313099
vt 0.760628 0.281077
vt 0.659269 0.369483
vt 0.785577 0.210490
vt 0.652780 0.320772
vt 0.776166 0.278547
vt 0.682203 0.321515
vt 0.682951 0.357110
vt 0.734551 0.263697
vt 0.673176 0.321435
vt 0.709157 0.310924
vt 0.636202 0.314619
vt 0.632478 0.360986
vt 0.636465 0.364909
vt 0.710026 0.367049
vt 0.692699 0.293492
vt 0.646377 0.281527
vt 0.634258 0.292140
vt 0.623955 0.335949
vt 0.700257 0.338547
vt 0.634367 0.388624
vt 0.683496 0.398648
vt 0.694096 0.386243
vt 0.664454 0.403256
vt 0.675088 0.391836
vt 0.646013 0.401923
vt 0.653559 0.394377
vt 0.665007 0.279277
vt 0.653791 0.288901
vt 0.682567 0.281673
vt 0.674769 0.289179
vt 0.679123 0.421782
vt 0.675179 0.411809
vt 0.690992 0.419422
vt 0.690500 0.407737
vt 0.665827 0.422614
vt 0.654588 0.413364
vt 0.652463 0.422901
vt 0.638878 0.409502
vt 0.694449 0.258209
vt 0.689281 0.271958
vt 0.677732 0.255578
vt 0.675072 0.267863
vt 0.665331 0.255002
vt 0.655581 0.267759
vt 0.652079 0.255018
vt 0.639062 0.271070
vt 0.750472 0.277475
vt 0.775616 0.207150
vt 0.799367 0.246968
vt 0.649145 0.345188
vt 0.736301 0.225198
vt 0.675155 0.345803
vt 0.760421 0.237688
vt 0.772591 0.241953
vt 0.769694 0.228347
vt 0.759348 0.257377
vt 0.754788 0.279038
vt 0.779754 0.208591
vt 0.793857 0.261649
vt 0.649938 0.335521
vt 0.731540 0.239838
vt 0.674985 0.336184
vt 0.668090 0.313379
vt 0.744753 0.275400
vt 0.668487 0.368889
vt 0.769838 0.204948
vt 0.653495 0.361885
vt 0.796411 0.221993
vt 0.753548 0.207641
vt 0.673739 0.360472
vt 0.757397 0.250526
vt 0.766890 0.253786
vt 0.772691 0.231338
vt 0.763595 0.256895
vt 0.740709 0.234531
vt 0.781015 0.265432
vt 0.769211 0.272611
vt 0.789732 0.251747
vt 0.780231 0.216706
vt 0.770303 0.213138
vt 0.775465 0.214406
vt 0.760298 0.273096
vt 0.749200 0.220598
vt 0.761310 0.213400
vt 0.755002 0.271879
vt 0.750136 0.269531
vt 0.743546 0.263613
vt 0.738891 0.250639
vt 0.786954 0.222520
vt 0.791732 0.235570
vt 0.763885 0.266835
vt 0.779160 0.223773
vt 0.771640 0.263504
vt 0.747415 0.255090
vt 0.755321 0.265837
vt 0.771929 0.219228
vt 0.783873 0.242788
vt 0.750875 0.231129
vt 0.758758 0.266982
vt 0.775293 0.220493
vt 0.779577 0.254986
vt 0.746559 0.243440
vt 0.751393 0.262541
vt 0.766781 0.219280
vt 0.783113 0.231187
vt 0.758919 0.222560
vt 0.772136 0.245482
vt 0.770830 0.227910
vt 0.761108 0.264608
vt 0.757053 0.228593
vt 0.757791 0.264379
vt 0.773718 0.238595
vt 0.764098 0.223150
vt 0.768589 0.228037
vt 0.773500 0.257511
vt 0.765306 0.256172
vt 0.755021 0.262550
vt 0.757136 0.253378
vt 0.775624 0.223785
vt 0.773592 0.232946
vt 0.749743 0.249261
vt 0.758516 0.240732
vt 0.761688 0.241836
vt 0.766264 0.243445
vt 0.769359 0.231964
vt 0.763801 0.247475
vt 0.761103 0.257969
vt 0.771430 0.228976
vt 0.770260 0.248514
vt 0.758075 0.244290
vt 0.758046 0.255007
vt 0.767179 0.229361
vt 0.773295 0.235773
vt 0.763836 0.232422
vt 0.764428 0.242792
vt 0.769000 0.244395
vt 0.766899 0.238772
vt 0.761384 0.254341
vt 0.763321 0.251574
vt 0.766109 0.251319
vt 0.765924 0.247979
vt 0.763361 0.254350
vt 0.769114 0.235306
vt 0.771117 0.237218
vt 0.770892 0.233180
vt 0.768866 0.239709
vt 0.764616 0.234921
vt 0.767399 0.234694
vt 0.767392 0.231932
vt 0.764776 0.238261
vt 0.759572 0.249054
vt 0.761602 0.250969
vt 0.761829 0.246539
vt 0.759828 0.253130
vt 0.655940 0.382337
vt 0.644346 0.320469
vt 0.685282 0.358367
vt 0.684473 0.319848
vt 0.644896 0.361064
vt 0.641228 0.358362
vt 0.655608 0.299979
vt 0.672042 0.379394
vt 0.671167 0.300374
vt 0.648761 0.376202
vt 0.685353 0.339128
vt 0.663429 0.295334
vt 0.679575 0.371955
vt 0.648460 0.305683
vt 0.678502 0.306805
vt 0.663938 0.385744
vt 0.640388 0.339042
vt 0.635299 0.897901
vt 0.696371 0.944977
vt 0.381726 0.999769
vt 0.620545 0.783845
vt 0.500552 0.929464
vt 0.667612 0.722788
vt 0.465820 0.746352
vt 0.486206 0.744283
vt 0.810426 0.930210
vt 0.265325 0.832770
vt 0.413999 0.727035
vt 0.781668 0.708029
vt 0.857489 0.869150
vt 0.842727 0.755095
vt 0.416803 0.983026
vt 0.520250 0.830586
vt 0.286666 0.927550
vt 0.319469 0.749909
vt 0.337633 0.778115
vt 0.314681 0.909769
vt 0.487226 0.837887
vt 0.409129 0.949408
vt 0.466514 0.962034
vt 0.499493 0.780797
vt 0.266718 0.878936
vt 0.367777 0.729193
vt 0.368628 0.984004
vt 0.521728 0.877660
vt 0.318121 0.961472
vt 0.286126 0.781888
vt 0.416263 0.757875
vt 0.295982 0.831377
vt 0.443406 0.768393
vt 0.479436 0.906256
vt 0.441699 0.972371
vt 0.478958 0.942261
vt 0.515283 0.853407
vt 0.512314 0.904040
vt 0.393570 0.978020
vt 0.342893 0.973538
vt 0.390244 0.733748
vt 0.440130 0.735787
vt 0.307307 0.769302
vt 0.343692 0.739728
vt 0.271622 0.856584
vt 0.274585 0.806865
vt 0.305881 0.940041
vt 0.276869 0.903163
vt 0.479418 0.768092
vt 0.509785 0.805835
vt 0.489717 0.920722
vt 0.457344 0.757620
vt 0.278927 0.834108
vt 0.412901 0.740687
vt 0.415102 0.969451
vt 0.506792 0.832251
vt 0.297172 0.919419
vt 0.327760 0.760278
vt 0.458073 0.951415
vt 0.488771 0.789288
vt 0.279895 0.877346
vt 0.369575 0.742359
vt 0.370477 0.970023
vt 0.507875 0.876309
vt 0.326902 0.950964
vt 0.296772 0.790464
vt 0.352212 0.759613
vt 0.289987 0.855326
vt 0.296850 0.894957
vt 0.470300 0.776684
vt 0.495826 0.811648
vt 0.470604 0.933183
vt 0.289333 0.812896
vt 0.319505 0.783116
vt 0.435810 0.958441
vt 0.392401 0.959023
vt 0.349282 0.958882
vt 0.319869 0.928013
vt 0.391027 0.745853
vt 0.431935 0.757211
vt 0.502966 0.854034
vt 0.490810 0.895231
vt 0.364077 0.787375
vt 0.401516 0.876100
vt 0.462317 0.825780
vt 0.370643 0.864431
vt 0.448086 0.933179
vt 0.470976 0.799426
vt 0.299104 0.871907
vt 0.375683 0.761840
vt 0.367761 0.952443
vt 0.490525 0.879106
vt 0.341035 0.940913
vt 0.306891 0.804670
vt 0.383986 0.834301
vt 0.421259 0.923578
vt 0.414907 0.845851
vt 0.323512 0.883979
vt 0.356294 0.894351
vt 0.378502 0.936417
vt 0.389221 0.907463
vt 0.343994 0.921911
vt 0.446452 0.856723
vt 0.460533 0.902396
vt 0.474889 0.867575
vt 0.432459 0.889476
vt 0.406098 0.774046
vt 0.429074 0.815664
vt 0.440977 0.787673
vt 0.395967 0.802978
vt 0.325496 0.808443
vt 0.339378 0.853528
vt 0.353228 0.821126
vt 0.311350 0.842746
vt 0.566429 0.612257
vt 0.600370 0.249928
vt 0.431188 0.275795
vt 0.458148 0.474993
vt 0.269359 0.216036
vt 0.440227 0.359356
vt 0.270128 0.333471
vt 0.445778 0.417634
vt 0.269817 0.274915
vt 0.530755 0.025332
vt 0.265881 0.683926
vt 0.501471 0.077101
vt 0.269057 0.625008
vt 0.607459 0.593608
vt 0.433791 0.625373
vt 0.609220 0.649505
vt 0.436430 0.684808
vt 0.570186 0.050710
vt 0.595047 0.305172
vt 0.429815 0.334118
vt 0.502244 0.463077
vt 0.545016 0.625057
vt 0.490803 0.410547
vt 0.485769 0.357874
vt 0.487067 0.304319
vt 0.493796 0.251340
vt 0.505303 0.198724
vt 0.521422 0.147420
vt 0.540434 0.564183
vt 0.542839 0.097584
vt 0.549276 0.036964
vt 0.518992 0.514211
vt 0.478791 0.469414
vt 0.550006 0.589968
vt 0.579412 0.637801
vt 0.584615 0.025760
vt 0.492819 0.437793
vt 0.507033 0.489748
vt 0.554075 0.072911
vt 0.527196 0.540237
vt 0.528495 0.121202
vt 0.509788 0.171941
vt 0.496906 0.224479
vt 0.486732 0.277405
vt 0.482607 0.330807
vt 0.485705 0.384450
vt 0.700229 0.420056
vt 0.728552 0.087700
vt 0.194202 0.713332
vt 0.148440 0.663620
vt 0.727203 0.534087
vt 0.162121 0.218561
vt 0.182031 0.153853
vt 0.725641 0.478048
vt 0.137205 0.278914
vt 0.725856 0.422438
vt 0.119174 0.341167
vt 0.727157 0.366448
vt 0.110378 0.405119
vt 0.726714 0.309929
vt 0.110411 0.469990
vt 0.724826 0.254229
vt 0.119383 0.533892
vt 0.724981 0.198929
vt 0.137259 0.596545
vt 0.730369 0.645805
vt 0.234824 0.112097
vt 0.224030 0.774450
vt 0.208057 0.131787
vt 0.142126 0.629993
vt 0.207816 0.743896
vt 0.254741 0.085556
vt 0.254707 0.790472
vt 0.121041 0.567376
vt 0.108064 0.502948
vt 0.103737 0.437595
vt 0.108077 0.372211
vt 0.121037 0.307905
vt 0.142202 0.245563
vt 0.171216 0.186283
vt 0.170975 0.689284
vt 0.042417 0.628632
vt 0.110978 0.106704
vt 0.156520 0.833982
vt 0.023058 0.321587
vt 0.016082 0.554470
vt 0.151517 0.037868
vt 0.104422 0.772243
vt 0.036455 0.244810
vt 0.005935 0.477052
vt 0.066065 0.703769
vt 0.065805 0.171603
vt 0.005399 0.398247
vt 0.012401 0.359178
vt 0.086982 0.137897
vt 0.052466 0.666943
vt 0.007190 0.437902
vt 0.052484 0.209049
vt 0.086588 0.737173
vt 0.179041 0.005334
vt 0.178307 0.871074
vt 0.012476 0.515563
vt 0.027826 0.282902
vt 0.128854 0.803656
vt 0.129730 0.071838
vt 0.027361 0.592015
vt 0.674184 0.955305
vt 0.756895 0.964603
vt 0.834512 0.934547
vt 0.867817 0.891338
vt 0.877117 0.808626
vt 0.847065 0.731008
vt 0.803856 0.697702
vt 0.721145 0.688399
vt 0.643526 0.718449
vt 0.610219 0.761656
vt 0.600912 0.844367
vt 0.630973 0.922002
vt 0.639679 0.890307
vt 0.491653 0.947229
vt 0.484220 0.754906
vt 0.775439 0.714197
vt 0.259331 0.851323
vt 0.851321 0.862920
vt 0.395315 0.721351
vt 0.423757 0.987065
vt 0.524289 0.823810
vt 0.279196 0.925619
vt 0.321278 0.742414
vt 0.464649 0.969702
vt 0.507282 0.782787
vt 0.262760 0.885551
vt 0.361093 0.725335
vt 0.387754 0.990797
vt 0.702600 0.938809
vt 0.527819 0.858753
vt 0.675207 0.727167
vt 0.300812 0.952436
vt 0.838348 0.762689
vt 0.294847 0.764444
vt 0.647057 0.945818
vt 0.147195 0.840849
vt 0.718157 0.975069
vt 0.101022 0.775613
vt 0.797022 0.964858
vt 0.061443 0.704877
vt 0.858329 0.918465
vt 0.031912 0.632151
vt 0.887582 0.847365
vt 0.011730 0.556356
vt 0.877375 0.768500
vt 0.001247 0.476349
vt 0.830983 0.707191
vt 0.001348 0.397979
vt 0.759884 0.677935
vt 0.011566 0.320295
vt 0.681019 0.688140
vt 0.032386 0.242377
vt 0.619709 0.734530
vt 0.062146 0.169830
vt 0.590450 0.805628
vt 0.100655 0.101248
vt 0.600660 0.884513
vt 0.148248 0.034180
vt 0.526523 0.909848
vt 0.484385 0.950244
vt 0.445426 0.721794
vt 0.487540 0.762447
vt 0.262339 0.858430
vt 0.260638 0.801163
vt 0.388245 0.724481
vt 0.447233 0.985342
vt 0.395409 0.987742
vt 0.522816 0.800459
vt 0.524745 0.851512
vt 0.297962 0.945250
vt 0.264178 0.908369
vt 0.301974 0.761480
vt 0.338283 0.727117
vt 0.336866 0.987233
vt 0.761598 0.238062
vt 0.771456 0.241515
vt 0.769217 0.229884
vt 0.759940 0.255885
vt 0.758273 0.250721
vt 0.766088 0.253404
vt 0.772061 0.232604
vt 0.763920 0.255528
vt 0.761560 0.256438
vt 0.770813 0.230458
vt 0.769104 0.248157
vt 0.759217 0.244728
vt 0.758647 0.253727
vt 0.766857 0.230750
vt 0.772408 0.235576
vt 0.764666 0.232836
vt 0.762369 0.235084
vt 0.759457 0.241062
vt 0.771222 0.245159
vt 0.772744 0.238735
vt 0.770447 0.228991
vt 0.768474 0.229163
vt 0.758898 0.255986
vt 0.760335 0.257361
vt 0.757921 0.247532
vt 0.757921 0.252752
vt 0.765099 0.255206
vt 0.768357 0.251131
vt 0.772770 0.233573
vt 0.771841 0.230373
vt 0.762321 0.257147
vt 0.765674 0.231049
vt 0.779062 0.247933
vt 0.772923 0.221901
vt 0.761815 0.261243
vt 0.759492 0.231768
vt 0.758931 0.261243
vt 0.780785 0.237013
vt 0.764644 0.226880
vt 0.769611 0.221574
vt 0.771123 0.254380
vt 0.766555 0.262951
vt 0.756653 0.259491
vt 0.751776 0.257874
vt 0.774061 0.226840
vt 0.778806 0.228449
vt 0.753637 0.248317
vt 0.751424 0.238244
vt 0.751807 0.243926
vt 0.776323 0.226893
vt 0.754321 0.259442
vt 0.769364 0.259266
vt 0.767084 0.223540
vt 0.751910 0.253238
vt 0.778679 0.233065
vt 0.756997 0.262438
vt 0.761257 0.226847
vt 0.759661 0.263334
vt 0.771078 0.222906
vt 0.773709 0.223875
vt 0.778722 0.242307
vt 0.775247 0.252098
vt 0.755292 0.234046
vt 0.763624 0.262616
vt 0.775288 0.246599
vt 0.771824 0.225044
vt 0.776970 0.237957
vt 0.768935 0.224975
vt 0.766047 0.259279
vt 0.754549 0.255330
vt 0.776113 0.230993
vt 0.755289 0.239599
vt 0.762188 0.258218
vt 0.761679 0.234348
vt 0.759966 0.258405
vt 0.765419 0.230028
vt 0.768995 0.251834
vt 0.758321 0.256908
vt 0.772451 0.229433
vt 0.756960 0.247678
vt 0.756254 0.244157
vt 0.773896 0.230086
vt 0.756835 0.256249
vt 0.767694 0.255363
vt 0.767009 0.227607
vt 0.755744 0.251247
vt 0.774935 0.235055
vt 0.758594 0.258868
vt 0.762984 0.230807
vt 0.760728 0.259589
vt 0.770054 0.226682
vt 0.772177 0.227455
vt 0.774378 0.242084
vt 0.771722 0.249535
vt 0.758908 0.236648
vt 0.763733 0.258602
vt 0.656559 0.310829
vt 0.676504 0.354247
vt 0.649627 0.325711
vt 0.650356 0.356595
vt 0.647168 0.354612
vt 0.675994 0.326514
vt 0.669884 0.311251
vt 0.657013 0.372112
vt 0.670578 0.370185
vt 0.676144 0.311629
vt 0.663357 0.302205
vt 0.650415 0.310753
vt 0.677011 0.367954
vt 0.663937 0.379566
vt 0.681107 0.339696
vt 0.650801 0.371721
vt 0.644141 0.339574
vt 0.690413 0.316257
vt 0.672860 0.383152
vt 0.642802 0.362319
vt 0.639036 0.359350
vt 0.655026 0.295954
vt 0.655287 0.385975
vt 0.642276 0.318581
vt 0.672115 0.296580
vt 0.691296 0.361713
vt 0.688729 0.338911
vt 0.682021 0.376047
vt 0.681072 0.302869
vt 0.663886 0.290926
vt 0.646288 0.301670
vt 0.664044 0.390636
vt 0.636986 0.338198
vt 0.646574 0.380003
vt 0.466869 0.414374
vt 0.461581 0.358625
vt 0.462978 0.302514
vt 0.469797 0.247181
vt 0.481657 0.192501
vt 0.498551 0.138945
vt 0.518185 0.574855
vt 0.520848 0.086692
vt 0.496010 0.522910
vt 0.590447 0.361056
vt 0.595155 0.371294
vt 0.429062 0.391824
vt 0.476034 0.530396
vt 0.268573 0.156854
vt 0.498856 0.584073
vt 0.267011 0.097386
vt 0.448738 0.387977
vt 0.446681 0.330137
vt 0.451143 0.272916
vt 0.460783 0.216639
vt 0.475324 0.161150
vt 0.495171 0.106721
vt 0.492897 0.554898
vt 0.521294 0.054163
vt 0.472662 0.500911
vt 0.457558 0.445203
vt 0.546972 0.658089
vt 0.552753 0.003800
vt 0.517826 0.607132
vt 0.426610 0.065363
vt 0.425506 0.125889
vt 0.424940 0.186233
vt 0.424148 0.245879
vt 0.423140 0.304856
vt 0.422275 0.362994
vt 0.422066 0.420313
vt 0.422913 0.477941
vt 0.423967 0.536534
vt 0.424900 0.595881
vt 0.426396 0.655433
vt 0.431221 0.003008
vt 0.431368 0.716769
vt 0.423334 0.685875
vt 0.281353 0.215924
vt 0.280633 0.156640
vt 0.419958 0.216088
vt 0.281990 0.333423
vt 0.281743 0.274847
vt 0.419842 0.566284
vt 0.420825 0.625697
vt 0.277982 0.685079
vt 0.281019 0.625374
vt 0.421159 0.095617
vt 0.420562 0.156007
vt 0.277298 0.304193
vt 0.277533 0.362610
vt 0.277716 0.420804
vt 0.277812 0.478962
vt 0.277693 0.537264
vt 0.277085 0.595823
vt 0.275376 0.126960
vt 0.275273 0.654826
vt 0.276422 0.186382
vt 0.276970 0.245458
vt 0.266763 0.005258
vt 0.269468 0.715717
vt 0.273105 0.067059
vt 0.603955 0.194701
vt 0.432854 0.216448
vt 0.605731 0.537831
vt 0.432793 0.566098
vt 0.603969 0.481950
vt 0.431622 0.506777
vt 0.441742 0.300875
vt 0.270365 0.391749
vt 0.448967 0.243629
vt 0.270519 0.449885
vt 0.605948 0.139106
vt 0.433731 0.156112
vt 0.607857 0.083631
vt 0.434337 0.095856
vt 0.600559 0.426536
vt 0.429743 0.448633
vt 0.609803 0.028043
vt 0.436594 0.035445
vt 0.526210 0.635880
vt 0.263353 0.037573
vt 0.461123 0.187126
vt 0.270512 0.508068
vt 0.478390 0.131576
vt 0.270169 0.566422
vt 0.399388 0.064547
vt 0.398668 0.125661
vt 0.398324 0.185966
vt 0.397823 0.245548
vt 0.397152 0.304487
vt 0.396599 0.362759
vt 0.396531 0.420455
vt 0.397071 0.478336
vt 0.397796 0.536942
vt 0.398494 0.596280
vt 0.399611 0.656424
vt 0.402504 0.719091
vt 0.401877 0.000858
vt 0.350359 0.274748
vt 0.350154 0.333386
vt 0.350066 0.391606
vt 0.350235 0.449664
vt 0.350554 0.508012
vt 0.350782 0.566911
vt 0.349983 0.095124
vt 0.350774 0.626660
vt 0.350388 0.155804
vt 0.349310 0.032550
vt 0.350540 0.688265
vt 0.350488 0.215592
vt 0.303331 0.304107
vt 0.303437 0.362542
vt 0.303563 0.420740
vt 0.303697 0.478939
vt 0.303690 0.537374
vt 0.303270 0.596248
vt 0.301956 0.126339
vt 0.301883 0.656046
vt 0.302787 0.186088
vt 0.303163 0.245310
vt 0.298264 0.718468
vt 0.295990 0.002253
vt 0.300120 0.065626
vt 0.282182 0.391712
vt 0.419102 0.275395
vt 0.423280 0.034455
vt 0.282328 0.449866
vt 0.418174 0.333958
vt 0.275635 0.036314
vt 0.282349 0.508093
vt 0.417593 0.391759
vt 0.279155 0.096926
vt 0.282054 0.566547
vt 0.417933 0.449012
vt 0.418918 0.507214
vt 0.349504 0.753289
vt 0.283710 0.855994
vt 0.290516 0.897560
vt 0.465325 0.780853
vt 0.489367 0.814362
vt 0.466562 0.928159
vt 0.295712 0.815519
vt 0.315523 0.778194
vt 0.433090 0.951949
vt 0.393086 0.965496
vt 0.352029 0.952497
vt 0.314919 0.931957
vt 0.391851 0.752147
vt 0.434421 0.750721
vt 0.496576 0.854731
vt 0.497299 0.897900
vt 0.498084 0.874992
vt 0.411758 0.750363
vt 0.332865 0.943262
vt 0.413521 0.959824
vt 0.304552 0.796272
vt 0.452369 0.943581
vt 0.497238 0.833845
vt 0.480901 0.795045
vt 0.304915 0.913912
vt 0.289261 0.875823
vt 0.333380 0.767929
vt 0.481806 0.914801
vt 0.371240 0.751717
vt 0.451584 0.765712
vt 0.372038 0.960210
vt 0.288545 0.835414
vt 0.668420 0.057954
vt 0.666529 0.113433
vt 0.664715 0.169381
vt 0.664175 0.239885
vt 0.623526 0.280288
vt 0.610657 0.334566
vt 0.623626 0.398263
vt 0.668595 0.435118
vt 0.665010 0.507520
vt 0.666552 0.563842
vt 0.164002 0.693278
vt 0.668264 0.619636
vt 0.670062 0.675158
vt 0.670403 0.002744
vt 0.487787 0.384251
vt 0.101560 0.572585
vt 0.164247 0.182274
vt 0.134762 0.242499
vt 0.113278 0.305814
vt 0.100112 0.371144
vt 0.095697 0.437600
vt 0.100106 0.504007
vt 0.113253 0.569460
vt 0.250016 0.078732
vt 0.249942 0.797333
vt 0.201517 0.748954
vt 0.134671 0.633044
vt 0.201791 0.126741
vt 0.024745 0.592685
vt 0.192266 0.119097
vt 0.191938 0.756609
vt 0.101633 0.302675
vt 0.088179 0.505594
vt 0.242370 0.068288
vt 0.242229 0.807832
vt 0.153493 0.699297
vt 0.123569 0.237893
vt 0.083663 0.437609
vt 0.123458 0.637638
vt 0.153746 0.176229
vt 0.088180 0.369544
vt 0.127497 0.070248
vt 0.126588 0.805233
vt 0.025237 0.282210
vt 0.009818 0.515912
vt 0.176613 0.003642
vt 0.175864 0.872770
vt 0.084237 0.738490
vt 0.049976 0.208048
vt 0.004493 0.437925
vt 0.049971 0.667984
vt 0.084632 0.136548
vt 0.009731 0.358800
vt 0.048537 0.364191
vt 0.118819 0.156162
vt 0.086270 0.652923
vt 0.043672 0.437689
vt 0.086394 0.222702
vt 0.118503 0.719214
vt 0.212437 0.032653
vt 0.212012 0.843668
vt 0.048550 0.510828
vt 0.062977 0.292302
vt 0.159348 0.781738
vt 0.159905 0.093921
vt 0.062745 0.582848
vt 0.030187 0.361680
vt 0.102640 0.146895
vt 0.069089 0.660015
vt 0.025151 0.437763
vt 0.069186 0.215731
vt 0.102292 0.728363
vt 0.195910 0.017478
vt 0.195322 0.858905
vt 0.030224 0.513236
vt 0.045116 0.287524
vt 0.143932 0.793027
vt 0.144628 0.082571
vt 0.044785 0.587540
vt 0.086097 0.576694
vt 0.179499 0.108990
vt 0.179088 0.766712
vt 0.086232 0.298535
vt 0.072396 0.507684
vt 0.231248 0.054374
vt 0.231008 0.821823
vt 0.139569 0.707250
vt 0.108763 0.231822
vt 0.067739 0.437629
vt 0.108636 0.643721
vt 0.139842 0.168230
vt 0.072392 0.367421
vt 0.766453 0.212663
vt 0.652274 0.316161
vt 0.643510 0.295754
vt 0.632529 0.337241
vt 0.711386 0.338439
vt 0.685268 0.382916
vt 0.664010 0.373289
vt 0.779000 0.204420
vt 0.652753 0.366549
vt 0.663367 0.309416
vt 0.751646 0.281210
vt 0.678718 0.370556
vt 0.682625 0.411007
vt 0.703461 0.399746
vt 0.664806 0.412849
vt 0.647517 0.413333
vt 0.702366 0.282596
vt 0.681659 0.268237
vt 0.665452 0.267505
vt 0.648165 0.267951
vt 0.746979 0.267415
vt 0.775099 0.270057
vt 0.738805 0.242382
vt 0.783483 0.218760
vt 0.744009 0.227135
vt 0.786290 0.259046
vt 0.764116 0.273424
vt 0.791847 0.243936
vt 0.777717 0.215202
vt 0.773214 0.213601
vt 0.757300 0.272680
vt 0.755292 0.215921
vt 0.752726 0.271055
vt 0.740583 0.257942
vt 0.789988 0.228189
vt 0.763634 0.257461
vt 0.759940 0.237351
vt 0.770717 0.248842
vt 0.773161 0.241989
vt 0.771692 0.228455
vt 0.769814 0.227773
vt 0.760979 0.258514
vt 0.763562 0.231885
vt 0.759095 0.257878
vt 0.773832 0.235530
vt 0.756870 0.250771
vt 0.767119 0.228764
vt 0.767136 0.254299
vt 0.757649 0.255424
vt 0.773102 0.230914
vt 0.757498 0.244254
vt 0.759011 0.251858
vt 0.763123 0.238152
vt 0.767789 0.239119
vt 0.762249 0.254504
vt 0.764710 0.247766
vt 0.767579 0.248077
vt 0.764797 0.253848
vt 0.770130 0.232376
vt 0.771688 0.234446
vt 0.770217 0.240647
vt 0.765956 0.232411
vt 0.768500 0.231793
vt 0.765989 0.238478
vt 0.760467 0.245599
vt 0.762911 0.247128
vt 0.760605 0.253934
vt 0.648042 0.377452
vt 0.686558 0.339033
vt 0.663573 0.293419
vt 0.684018 0.339282
vt 0.677708 0.308367
vt 0.679389 0.305433
vt 0.663960 0.387669
vt 0.648353 0.340137
vt 0.656710 0.933293
vt 0.449375 0.990305
vt 0.620836 0.841790
vt 0.632233 0.744185
vt 0.527819 0.798420
vt 0.754316 0.944679
vt 0.513870 0.831255
vt 0.723723 0.708323
vt 0.259267 0.910384
vt 0.845804 0.908811
vt 0.336189 0.722236
vt 0.857193 0.811205
vt 0.821328 0.719716
vt 0.462428 0.957086
vt 0.461710 0.751658
vt 0.291110 0.786051
vt 0.416108 0.976586
vt 0.322379 0.956559
vt 0.495479 0.925221
vt 0.515137 0.877134
vt 0.369414 0.977336
vt 0.368515 0.735434
vt 0.413594 0.733525
vt 0.323479 0.754741
vt 0.272963 0.878298
vt 0.271797 0.833291
vt 0.291564 0.923615
vt 0.494487 0.784904
vt 0.291066 0.835187
vt 0.371814 0.957626
vt 0.449650 0.767421
vt 0.372025 0.754242
vt 0.480162 0.912802
vt 0.334664 0.770235
vt 0.291776 0.875118
vt 0.307202 0.912644
vt 0.478576 0.796377
vt 0.494676 0.834577
vt 0.451071 0.941222
vt 0.306169 0.798235
vt 0.412753 0.957227
vt 0.334829 0.941648
vt 0.412070 0.752899
vt 0.495519 0.875226
vt 0.307962 0.821049
vt 0.384677 0.779815
vt 0.423584 0.866768
vt 0.332686 0.903170
vt 0.379399 0.885220
vt 0.400273 0.930997
vt 0.356931 0.939858
vt 0.469580 0.846088
vt 0.478356 0.889610
vt 0.441310 0.913945
vt 0.427484 0.770016
vt 0.452776 0.806418
vt 0.406001 0.825066
vt 0.344392 0.797002
vt 0.362057 0.843617
vt 0.316501 0.863928
vt 0.485711 0.330878
vt 0.489802 0.277792
vt 0.498914 0.224918
vt 0.512759 0.172877
vt 0.531381 0.122447
vt 0.529103 0.539419
vt 0.555927 0.073989
vt 0.509996 0.488781
vt 0.495864 0.437135
vt 0.587282 0.027773
vt 0.582171 0.635944
vt 0.552788 0.588461
vt 0.531014 0.600124
vt 0.560104 0.649994
vt 0.565654 0.012620
vt 0.472077 0.442107
vt 0.486762 0.496361
vt 0.534441 0.061639
vt 0.506576 0.549063
vt 0.508927 0.112627
vt 0.489450 0.165581
vt 0.475186 0.219757
vt 0.465733 0.274737
vt 0.461489 0.330467
vt 0.463552 0.386565
vt 0.729593 0.617868
vt 0.213377 0.136069
vt 0.725838 0.171046
vt 0.148489 0.627378
vt 0.729402 0.059927
vt 0.213161 0.739600
vt 0.730886 0.004338
vt 0.730886 0.673772
vt 0.258806 0.091052
vt 0.258806 0.784946
vt 0.724387 0.226839
vt 0.127330 0.565163
vt 0.725699 0.281878
vt 0.113518 0.502197
vt 0.727348 0.338164
vt 0.109083 0.437594
vt 0.726416 0.394622
vt 0.113517 0.372770
vt 0.725252 0.449938
vt 0.127142 0.310129
vt 0.726373 0.506112
vt 0.148546 0.248194
vt 0.727967 0.562015
vt 0.177163 0.189700
vt 0.727589 0.115462
vt 0.176922 0.685878
vt 0.016625 0.359776
vt 0.090698 0.140035
vt 0.056411 0.665294
vt 0.011457 0.437865
vt 0.056451 0.210630
vt 0.090312 0.735087
vt 0.182936 0.008085
vt 0.182232 0.868317
vt 0.016685 0.515012
vt 0.031926 0.283998
vt 0.132438 0.801153
vt 0.133265 0.074366
vt 0.031500 0.590957
vt 0.844920 0.008162
vt 0.842667 0.025383
vt 0.839726 0.047863
vt 0.836304 0.074016
vt 0.832630 0.102095
vt 0.828956 0.130173
vt 0.825534 0.156326
vt 0.822593 0.178806
vt 0.820340 0.196027
vt 0.680077 0.964859
vt 0.123748 0.808757
vt 0.758250 0.975068
vt 0.079977 0.740873
vt 0.831246 0.945287
vt 0.045556 0.668461
vt 0.877371 0.885444
vt 0.020935 0.594960
vt 0.887582 0.807272
vt 0.005000 0.516543
vt 0.857805 0.734275
vt 0.000231 0.436702
vt 0.797963 0.688148
vt 0.005346 0.359451
vt 0.719791 0.677934
vt 0.020545 0.280956
vt 0.646793 0.707709
vt 0.046491 0.205302
vt 0.600664 0.767549
vt 0.080303 0.135517
vt 0.590447 0.845721
vt 0.123457 0.067380
vt 0.620233 0.918737
vt 0.171207 0.873969
vt 0.173249 0.000231
vt 0.501529 0.933396
vt 0.469732 0.745198
vt 0.261935 0.834851
vt 0.411858 0.723680
vt 0.417860 0.986661
vt 0.523844 0.829566
vt 0.283461 0.929317
vt 0.317652 0.746736
vt 0.468365 0.965281
vt 0.502793 0.778945
vt 0.263200 0.879928
vt 0.366729 0.725686
vt 0.370611 0.987568
vt 0.525179 0.875538
vt 0.314242 0.962365
vt 0.285164 0.778028
vt 0.760781 0.237902
vt 0.772187 0.241895
vt 0.769556 0.228884
vt 0.759566 0.256886
vt 0.757760 0.250394
vt 0.766694 0.253462
vt 0.772385 0.231742
vt 0.763627 0.256408
vt 0.761237 0.257451
vt 0.771197 0.229476
vt 0.769918 0.248310
vt 0.758479 0.244346
vt 0.758329 0.254604
vt 0.767161 0.229874
vt 0.772914 0.235902
vt 0.764058 0.232768
vt 0.750029 0.243836
vt 0.777199 0.225663
vt 0.753412 0.260672
vt 0.769991 0.260803
vt 0.767159 0.222011
vt 0.750427 0.254041
vt 0.780131 0.232260
vt 0.756458 0.263711
vt 0.760607 0.225286
vt 0.759257 0.264649
vt 0.771467 0.221582
vt 0.774224 0.222605
vt 0.780460 0.242395
vt 0.776658 0.253126
vt 0.753846 0.233002
vt 0.763536 0.264126
vt 0.754093 0.244021
vt 0.775145 0.228574
vt 0.755544 0.257760
vt 0.768569 0.257238
vt 0.766966 0.225619
vt 0.753846 0.252157
vt 0.776789 0.234146
vt 0.757777 0.260617
vt 0.762082 0.228907
vt 0.760231 0.261446
vt 0.770528 0.224808
vt 0.772962 0.225697
vt 0.776490 0.242216
vt 0.773450 0.250763
vt 0.757137 0.235402
vt 0.763760 0.260566
vt 0.673842 0.316926
vt 0.663374 0.297608
vt 0.649123 0.307381
vt 0.674563 0.363923
vt 0.663933 0.383645
vt 0.676275 0.340509
vt 0.649440 0.374794
vt 0.641585 0.339241
vt 0.692821 0.338728
vt 0.680408 0.373296
vt 0.684244 0.296601
vt 0.664406 0.286922
vt 0.647715 0.304181
vt 0.664220 0.395610
vt 0.639225 0.338757
vt 0.643602 0.386481
vt 0.606923 0.111382
vt 0.433694 0.125973
vt 0.444801 0.272117
vt 0.270693 0.420822
vt 0.451170 0.446572
vt 0.269855 0.245514
vt 0.440215 0.329972
vt 0.270493 0.362638
vt 0.604841 0.509951
vt 0.432181 0.536359
vt 0.602707 0.222597
vt 0.432300 0.246454
vt 0.466484 0.502900
vt 0.269268 0.186478
vt 0.442291 0.388590
vt 0.270224 0.304231
vt 0.515522 0.050901
vt 0.268119 0.654439
vt 0.608338 0.621543
vt 0.434503 0.655072
vt 0.592485 0.332992
vt 0.429386 0.363063
vt 0.486909 0.557440
vt 0.268179 0.127150
vt 0.282258 0.420793
vt 0.426206 0.002415
vt 0.426437 0.717388
vt 0.281572 0.245425
vt 0.419530 0.245810
vt 0.282085 0.362594
vt 0.421722 0.655637
vt 0.281052 0.186323
vt 0.420269 0.186179
vt 0.281873 0.304172
vt 0.420277 0.595959
vt 0.279927 0.655072
vt 0.420807 0.125841
vt 0.597978 0.399074
vt 0.429040 0.420293
vt 0.610148 0.677473
vt 0.610824 0.000231
vt 0.439754 0.004827
vt 0.439754 0.714920
vt 0.541216 0.661362
vt 0.547078 0.000231
vt 0.262074 0.713860
vt 0.259267 0.007199
vt 0.454481 0.215287
vt 0.270782 0.478960
vt 0.512046 0.610182
vt 0.265843 0.067504
vt 0.597785 0.277440
vt 0.430470 0.305002
vt 0.606617 0.565705
vt 0.432955 0.595744
vt 0.469130 0.159227
vt 0.270639 0.537221
vt 0.489105 0.104150
vt 0.269995 0.595687
vt 0.604963 0.166844
vt 0.433293 0.186359
vt 0.602884 0.453918
vt 0.430979 0.477302
vt 0.608827 0.055850
vt 0.434850 0.065672
vt 0.350254 0.304150
vt 0.350092 0.362552
vt 0.350130 0.420622
vt 0.350392 0.478765
vt 0.350683 0.537351
vt 0.350799 0.596596
vt 0.350211 0.125659
vt 0.350676 0.657016
vt 0.350461 0.185817
vt 0.350437 0.245264
vt 0.348890 0.000231
vt 0.350355 0.720082
vt 0.349670 0.064292
vt 0.418574 0.304778
vt 0.274390 0.716418
vt 0.271757 0.004510
vt 0.282360 0.478961
vt 0.417765 0.362943
vt 0.277830 0.066775
vt 0.282258 0.537289
vt 0.417597 0.420341
vt 0.281677 0.595907
vt 0.418383 0.478023
vt 0.421859 0.065190
vt 0.280038 0.126841
vt 0.419375 0.536613
vt 0.502135 0.875558
vt 0.412252 0.746357
vt 0.330411 0.946466
vt 0.414201 0.963816
vt 0.301318 0.793883
vt 0.454715 0.946849
vt 0.501199 0.833157
vt 0.484181 0.792675
vt 0.301686 0.916179
vt 0.285376 0.876480
vt 0.331066 0.764737
vt 0.485094 0.917237
vt 0.370525 0.747835
vt 0.453955 0.762361
vt 0.371381 0.964265
vt 0.284565 0.834853
vt 0.912674 0.037051
vt 0.573965 0.610901
vt 0.568783 0.610798
vt 0.542885 0.562999
vt 0.933889 0.087718
vt 0.547819 0.561701
vt 0.521523 0.513255
vt 0.926782 0.142039
vt 0.525834 0.510582
vt 0.504830 0.462370
vt 0.893245 0.185542
vt 0.508178 0.458570
vt 0.493433 0.410137
vt 0.851938 0.203959
vt 0.498108 0.415077
vt 0.488424 0.357780
vt 0.787764 0.195562
vt 0.492072 0.352053
vt 0.489724 0.304524
vt 0.752586 0.167138
vt 0.493709 0.307604
vt 0.496439 0.251797
vt 0.731371 0.116471
vt 0.501137 0.253590
vt 0.507905 0.199416
vt 0.738478 0.062150
vt 0.512941 0.199753
vt 0.523946 0.148352
vt 0.772015 0.018647
vt 0.528902 0.147208
vt 0.545253 0.098797
vt 0.813321 0.000231
vt 0.546191 0.105631
vt 0.877496 0.008627
vt 0.579039 0.049746
vt 0.572463 0.052261
vt 0.555224 0.587141
vt 0.926624 0.061027
vt 0.560317 0.586569
vt 0.531641 0.538330
vt 0.933913 0.115347
vt 0.536398 0.536285
vt 0.512590 0.487930
vt 0.912894 0.165963
vt 0.516445 0.484663
vt 0.498522 0.436563
vt 0.869026 0.199414
vt 0.501295 0.432241
vt 0.490464 0.383995
vt 0.819302 0.203959
vt 0.495036 0.383557
vt 0.488420 0.330936
vt 0.772421 0.186774
vt 0.491949 0.334641
vt 0.492490 0.278134
vt 0.738636 0.143162
vt 0.496860 0.280594
vt 0.501587 0.225503
vt 0.731347 0.088842
vt 0.506597 0.226601
vt 0.515363 0.173695
vt 0.752366 0.038226
vt 0.520397 0.173285
vt 0.533897 0.123538
vt 0.796234 0.004776
vt 0.538712 0.121620
vt 0.558305 0.075380
vt 0.845958 0.000231
vt 0.562356 0.077754
vt 0.589567 0.029594
vt 0.584534 0.634261
vt 0.892839 0.017416
vt 0.589986 0.035082
vt 0.589986 0.634749
s 1
f 1/1/1 446/466/2 1315/1425/3 444/464/4
f 446/466/2 2/2/5 445/465/6 1315/1425/3
f 1315/1425/3 445/465/6 4/4/7 447/467/8
f 444/464/4 1315/1425/3 447/467/8 3/3/9
f 3/3/9 447/467/8 1316/1426/10 448/468/11
f 447/467/8 4/4/7 449/469/12 1316/1426/10
f 1316/1426/10 449/469/12 6/6/13 450/470/14
f 448/468/11 1316/1426/10 450/470/14 5/5/15
f 5/5/15 450/470/14 1317/1427/16 451/471/17
f 450/470/14 6/6/13 452/472/18 1317/1427/16
f 1317/1427/16 452/472/18 8/8/19 453/473/20
f 451/471/17 1317/1427/16 453/473/20 7/7/21
f 7/7/21 453/473/20 1318/1428/22 454/474/23
f 8/8/19 455/475/24 1318/1428/22 453/473/20
f 10/10/25 658/695/26 1318/1428/22 455/475/24
f 117/123/27 660/697/28 1318/1428/22 658/695/26
f 118/124/29 662/699/30 1318/1428/22 660/697/28
f 119/125/31 664/701/32 1318/1428/22 662/699/30
f 120/126/33 456/476/34 1318/1428/22 664/701/32
f 9/9/35 454/474/23 1318/1428/22 456/476/34
f 9/9/35 456/476/34 1319/1429/36 457/477/37
f 120/126/33 665/702/38 1319/1429/36 456/476/34
f 106/112/39 636/673/40 1319/1429/36 665/702/38
f 102/107/41 459/479/42 1319/1429/36 636/673/40
f 11/11/43 457/477/37 1319/1429/36 459/479/42
f 11/11/43 459/479/42 1320/1430/44 460/480/45
f 459/479/42 102/107/41 637/674/46 1320/1430/44
f 1320/1430/44 637/674/46 103/108/47 462/482/48
f 460/480/45 1320/1430/44 462/482/48 13/13/49
f 13/14/49 462/483/48 1321/1431/50 463/484/51
f 103/109/47 639/676/52 1321/1431/50 462/483/48
f 107/113/53 657/694/54 1321/1431/50 639/676/52
f 116/122/55 465/486/56 1321/1431/50 657/694/54
f 15/16/57 463/484/51 1321/1431/50 465/486/56
f 15/16/57 465/486/56 1322/1432/58 466/487/59
f 116/122/55 656/693/60 1322/1432/58 465/486/56
f 115/121/61 654/691/62 1322/1432/58 656/693/60
f 113/119/63 650/687/64 1322/1432/58 654/691/62
f 114/120/65 652/689/66 1322/1432/58 650/687/64
f 251/267/67 930/988/68 1322/1432/58 652/689/66
f 16/17/69 467/488/70 1322/1432/58 930/988/68
f 18/19/71 468/489/72 1322/1432/58 467/488/70
f 17/18/73 466/487/59 1322/1432/58 468/489/72
f 17/18/73 468/489/72 1323/1433/74 469/490/75
f 468/489/72 18/19/71 470/491/76 1323/1433/74
f 1323/1433/74 470/491/76 20/21/77 471/492/78
f 469/490/75 1323/1433/74 471/492/78 19/20/79
f 19/20/79 471/492/78 1324/1434/80 472/493/81
f 471/492/78 20/21/77 473/494/82 1324/1434/80
f 1324/1434/80 473/494/82 22/23/83 474/495/84
f 472/493/81 1324/1434/80 474/495/84 21/22/85
f 253/269/86 954/1022/87 1325/1435/88 932/991/89
f 954/1022/87 252/268/90 492/516/91 1325/1435/88
f 1325/1435/88 492/516/91 25/26/92 481/504/93
f 932/991/89 1325/1435/88 481/504/93 27/28/94
f 21/22/85 474/495/84 1326/1436/95 475/496/96
f 474/495/84 22/23/83 476/497/97 1326/1436/95
f 1326/1436/95 476/497/97 24/25/98 477/498/99
f 475/496/96 1326/1436/95 477/498/99 23/24/100
f 23/24/100 477/498/99 1327/1437/101 478/499/102
f 477/498/99 24/25/98 479/502/103 1327/1437/101
f 1327/1438/101 479/501/103 2/2/5 446/466/2
f 478/500/102 1327/1438/101 446/466/2 1/1/1
f 241/257/104 929/987/105 1328/1439/106 907/964/107
f 929/987/105 240/256/108 908/965/109 1328/1439/106
f 1584/1724/110 1788/1989/110 1766/1956/110 1583/1723/110
f 1537/1660/111 907/964/107 1761/1949/112 1783/1982/113
f 29/30/114 483/506/115 1329/1440/116 517/545/117
f 483/506/115 28/29/118 516/544/119 1329/1440/116
f 1329/1440/116 516/544/119 40/41/120 507/534/121
f 517/545/117 1329/1440/116 507/534/121 41/42/122
f 255/271/123 953/1021/124 1330/1441/125 934/994/126
f 953/1021/124 254/270/127 494/519/128 1330/1441/125
f 1330/1441/125 494/519/128 34/35/129 489/512/130
f 934/994/126 1330/1441/125 489/512/130 35/36/131
f 254/270/127 952/1020/132 1331/1442/133 494/519/128
f 952/1020/132 256/272/134 496/522/135 1331/1442/133
f 1331/1442/133 496/522/135 33/34/136 488/511/137
f 494/519/128 1331/1442/133 488/511/137 34/35/129
f 256/272/134 951/1019/138 1332/1443/139 496/522/135
f 951/1019/138 257/273/140 497/523/141 1332/1443/139
f 1332/1443/139 497/523/141 32/33/142 487/510/143
f 496/522/135 1332/1443/139 487/510/143 33/34/136
f 257/273/140 950/1018/144 1333/1444/145 497/523/141
f 950/1018/144 258/274/146 498/524/147 1333/1444/145
f 1333/1444/145 498/524/147 31/32/148 486/509/149
f 497/523/141 1333/1444/145 486/509/149 32/33/142
f 258/274/146 949/1017/150 1334/1445/151 498/524/147
f 949/1017/150 259/275/152 499/525/153 1334/1445/151
f 1334/1445/151 499/525/153 30/31/154 485/508/155
f 498/524/147 1334/1445/151 485/508/155 31/32/148
f 259/275/152 948/1016/156 1335/1446/157 499/525/153
f 948/1016/156 260/276/158 500/526/159 1335/1446/157
f 1335/1446/157 500/526/159 29/30/114 484/507/160
f 499/525/153 1335/1446/157 484/507/160 30/31/154
f 260/276/158 947/1015/161 1336/1447/162 500/526/159
f 947/1015/161 261/277/163 501/527/164 1336/1447/162
f 1336/1447/162 501/527/164 28/29/118 483/506/115
f 500/526/159 1336/1447/162 483/506/115 29/30/114
f 263/279/165 946/1014/166 1337/1449/167 942/1009/168
f 946/1013/166 262/278/169 502/528/170 1337/1448/167
f 1337/1448/167 502/528/170 36/37/171 491/515/172
f 942/1009/168 1337/1449/167 491/514/172 26/27/173
f 252/268/90 945/1012/174 1338/1450/175 492/516/91
f 945/1012/174 263/279/165 942/1009/168 1338/1450/175
f 1338/1450/175 942/1009/168 26/27/173 480/503/176
f 492/516/91 1338/1450/175 480/503/176 25/26/92
f 261/277/163 944/1011/177 1339/1451/178 501/527/164
f 944/1011/177 253/269/86 932/991/89 1339/1451/178
f 1339/1451/178 932/991/89 27/28/94 482/505/179
f 501/527/164 1339/1451/178 482/505/179 28/29/118
f 262/278/169 943/1010/180 1340/1452/181 502/528/170
f 943/1010/180 255/271/123 934/994/126 1340/1452/181
f 1340/1452/181 934/994/126 35/36/131 490/513/182
f 502/528/170 1340/1452/181 490/513/182 36/37/171
f 268/284/183 978/1047/184 1341/1453/185 959/1027/186
f 978/1047/184 264/280/187 540/569/188 1341/1453/185
f 1341/1453/185 540/569/188 279/295/189 531/559/190
f 959/1027/186 1341/1453/185 531/559/190 280/296/191
f 36/37/171 490/513/182 1342/1454/192 519/547/193
f 490/513/182 35/36/131 518/546/194 1342/1454/192
f 1342/1454/192 518/546/194 47/48/195 514/541/196
f 519/547/193 1342/1454/192 514/541/196 48/49/197
f 25/26/92 480/503/176 1343/1455/198 521/549/199
f 480/503/176 26/27/173 520/548/200 1343/1455/198
f 1343/1455/198 520/548/200 38/39/201 504/531/202
f 521/549/199 1343/1455/198 504/531/202 37/38/203
f 33/34/136 487/510/143 1344/1456/204 523/551/205
f 487/510/143 32/33/142 522/550/206 1344/1456/204
f 1344/1456/204 522/550/206 44/45/207 511/538/208
f 523/551/205 1344/1456/204 511/538/208 45/46/209
f 30/31/154 484/507/160 1345/1457/210 524/552/211
f 484/507/160 29/30/114 517/545/117 1345/1457/210
f 1345/1457/210 517/545/117 41/42/122 508/535/212
f 524/552/211 1345/1457/210 508/535/212 42/43/213
f 26/27/173 491/514/172 1346/1459/214 520/548/200
f 491/515/172 36/37/171 519/547/193 1346/1458/214
f 1346/1458/214 519/547/193 48/49/197 515/543/215
f 520/548/200 1346/1459/214 515/542/215 38/39/201
f 27/28/94 481/504/93 1347/1460/216 525/553/217
f 481/504/93 25/26/92 521/549/199 1347/1460/216
f 1347/1460/216 521/549/199 37/38/203 505/532/218
f 525/553/217 1347/1460/216 505/532/218 39/40/219
f 34/35/129 488/511/137 1348/1461/220 526/554/221
f 488/511/137 33/34/136 523/551/205 1348/1461/220
f 1348/1461/220 523/551/205 45/46/209 512/539/222
f 526/554/221 1348/1461/220 512/539/222 46/47/223
f 31/32/148 485/508/155 1349/1462/224 527/555/225
f 485/508/155 30/31/154 524/552/211 1349/1462/224
f 1349/1462/224 524/552/211 42/43/213 509/536/226
f 527/555/225 1349/1462/224 509/536/226 43/44/227
f 28/29/118 482/505/179 1350/1463/228 516/544/119
f 482/505/179 27/28/94 525/553/217 1350/1463/228
f 1350/1463/228 525/553/217 39/40/219 506/533/229
f 516/544/119 1350/1463/228 506/533/229 40/41/120
f 35/36/131 489/512/130 1351/1464/230 518/546/194
f 489/512/130 34/35/129 526/554/221 1351/1464/230
f 1351/1464/230 526/554/221 46/47/223 513/540/231
f 518/546/194 1351/1464/230 513/540/231 47/48/195
f 32/33/142 486/509/149 1352/1465/232 522/550/206
f 486/509/149 31/32/148 527/555/225 1352/1465/232
f 1352/1465/232 527/555/225 43/44/227 510/537/233
f 522/550/206 1352/1465/232 510/537/233 44/45/207
f 269/285/234 977/1046/235 1353/1466/236 960/1028/237
f 977/1046/235 265/281/238 542/571/239 1353/1466/236
f 1353/1466/236 542/571/239 286/302/240 538/566/241
f 960/1028/237 1353/1466/236 538/566/241 287/303/242
f 270/286/243 976/1045/244 1354/1467/245 961/1029/246
f 976/1045/244 266/282/247 544/573/248 1354/1467/245
f 1354/1467/245 544/573/248 277/293/249 528/556/250
f 961/1029/246 1354/1467/245 528/556/250 276/292/251
f 271/287/252 975/1044/253 1355/1468/254 962/1030/255
f 975/1044/253 267/283/256 546/575/257 1355/1468/254
f 1355/1468/254 546/575/257 283/299/258 535/563/259
f 962/1030/255 1355/1468/254 535/563/259 284/300/260
f 272/288/261 974/1043/262 1356/1469/263 963/1031/264
f 974/1043/262 268/284/183 959/1027/186 1356/1469/263
f 1356/1469/263 959/1027/186 280/296/191 532/560/265
f 963/1031/264 1356/1469/263 532/560/265 281/297/266
f 266/282/247 973/1042/267 1357/1471/268 544/573/248
f 973/1041/267 269/285/234 960/1028/237 1357/1470/268
f 1357/1470/268 960/1028/237 287/303/242 539/568/269
f 544/573/248 1357/1471/268 539/567/269 277/293/249
f 273/289/270 972/1040/271 1358/1472/272 964/1032/273
f 972/1040/271 270/286/243 961/1029/246 1358/1472/272
f 1358/1472/272 961/1029/246 276/292/251 529/557/274
f 964/1032/273 1358/1472/272 529/557/274 278/294/275
f 274/290/276 971/1039/277 1359/1473/278 965/1033/279
f 971/1039/277 271/287/252 962/1030/255 1359/1473/278
f 1359/1473/278 962/1030/255 284/300/260 536/564/280
f 965/1033/279 1359/1473/278 536/564/280 285/301/281
f 275/291/282 970/1038/283 1360/1474/284 966/1034/285
f 970/1038/283 272/288/261 963/1031/264 1360/1474/284
f 1360/1474/284 963/1031/264 281/297/266 533/561/286
f 966/1034/285 1360/1474/284 533/561/286 282/298/287
f 264/280/187 969/1037/288 1361/1475/289 540/569/188
f 969/1037/288 273/289/270 964/1032/273 1361/1475/289
f 1361/1475/289 964/1032/273 278/294/275 530/558/290
f 540/569/188 1361/1475/289 530/558/290 279/295/189
f 265/281/238 968/1036/291 1362/1476/292 542/571/239
f 968/1036/291 274/290/276 965/1033/279 1362/1476/292
f 1362/1476/292 965/1033/279 285/301/281 537/565/293
f 542/571/239 1362/1476/292 537/565/293 286/302/240
f 267/283/256 967/1035/294 1363/1477/295 546/575/257
f 967/1035/294 275/291/282 966/1034/285 1363/1477/295
f 1363/1477/295 966/1034/285 282/298/287 534/562/296
f 546/575/257 1363/1477/295 534/562/296 283/299/258
f 96/97/297 623/655/298 1364/1478/299 558/587/300
f 623/655/298 92/93/301 607/638/302 1364/1478/299
f 1364/1478/299 607/638/302 72/73/303 564/593/304
f 558/587/300 1364/1478/299 564/593/304 67/68/305
f 94/95/306 622/654/307 1365/1479/308 554/583/309
f 622/654/307 91/92/310 606/637/311 1365/1479/308
f 1365/1479/308 606/637/311 71/72/312 565/594/313
f 554/583/309 1365/1479/308 565/594/313 63/64/314
f 93/94/315 621/653/316 1366/1480/317 552/581/318
f 621/653/316 90/91/319 605/636/320 1366/1480/317
f 1366/1480/317 605/636/320 70/71/321 566/595/322
f 552/581/318 1366/1480/317 566/595/322 61/62/323
f 92/93/301 620/652/324 1367/1481/325 607/638/302
f 620/652/324 89/90/326 604/635/327 1367/1481/325
f 1367/1481/325 604/635/327 69/70/328 567/596/329
f 607/638/302 1367/1481/325 567/596/329 72/73/303
f 91/92/310 619/651/330 1368/1482/331 606/637/311
f 619/651/330 88/89/332 603/634/333 1368/1482/331
f 1368/1482/331 603/634/333 68/69/334 568/597/335
f 606/637/311 1368/1482/331 568/597/335 71/72/312
f 90/91/319 618/650/336 1369/1483/337 605/636/320
f 618/650/336 87/88/338 602/633/339 1369/1483/337
f 1369/1483/337 602/633/339 66/67/340 569/598/341
f 605/636/320 1369/1483/337 569/598/341 70/71/321
f 95/96/342 617/649/343 1370/1485/344 556/585/345
f 617/648/343 86/87/346 601/632/347 1370/1484/344
f 1370/1484/344 601/632/347 64/65/348 570/600/349
f 556/585/345 1370/1485/344 570/599/349 65/66/350
f 89/90/326 616/647/351 1371/1486/352 604/635/327
f 616/647/351 85/86/353 600/631/354 1371/1486/352
f 1371/1486/352 600/631/354 62/63/355 571/601/356
f 604/635/327 1371/1486/352 571/601/356 69/70/328
f 88/89/332 615/646/357 1372/1487/358 603/634/333
f 615/646/357 96/97/297 558/587/300 1372/1487/358
f 1372/1487/358 558/587/300 67/68/305 572/602/359
f 603/634/333 1372/1487/358 572/602/359 68/69/334
f 87/88/338 614/645/360 1373/1488/361 602/633/339
f 614/645/360 95/96/342 556/585/345 1373/1488/361
f 1373/1488/361 556/585/345 65/66/350 573/603/362
f 602/633/339 1373/1488/361 573/603/362 66/67/340
f 86/87/346 613/644/363 1374/1489/364 601/632/347
f 613/644/363 94/95/306 554/583/309 1374/1489/364
f 1374/1489/364 554/583/309 63/64/314 574/604/365
f 601/632/347 1374/1489/364 574/604/365 64/65/348
f 85/86/353 612/643/366 1375/1490/367 600/631/354
f 612/643/366 93/94/315 552/581/318 1375/1490/367
f 1375/1490/367 552/581/318 61/62/323 575/605/368
f 600/631/354 1375/1490/367 575/605/368 62/63/355
f 67/68/305 564/593/304 1376/1491/369 579/609/370
f 564/593/304 72/73/303 563/592/371 1376/1491/369
f 1376/1491/369 563/592/371 84/85/372 588/618/373
f 579/609/370 1376/1491/369 588/618/373 76/77/374
f 63/64/314 565/594/313 1377/1492/375 577/607/376
f 565/594/313 71/72/312 562/591/377 1377/1492/375
f 1377/1492/375 562/591/377 83/84/378 589/619/379
f 577/607/376 1377/1492/375 589/619/379 74/75/380
f 61/62/323 566/595/322 1378/1493/381 576/606/382
f 566/595/322 70/71/321 561/590/383 1378/1493/381
f 1378/1493/381 561/590/383 82/83/384 590/620/385
f 576/606/382 1378/1493/381 590/620/385 73/74/386
f 72/73/303 567/596/329 1379/1494/387 563/592/371
f 567/596/329 69/70/328 560/589/388 1379/1494/387
f 1379/1494/387 560/589/388 81/82/389 591/621/390
f 563/592/371 1379/1494/387 591/621/390 84/85/372
f 71/72/312 568/597/335 1380/1495/391 562/591/377
f 568/597/335 68/69/334 559/588/392 1380/1495/391
f 1380/1495/391 559/588/392 80/81/393 592/622/394
f 562/591/377 1380/1495/391 592/622/394 83/84/378
f 70/71/321 569/598/341 1381/1496/395 561/590/383
f 569/598/341 66/67/340 557/586/396 1381/1496/395
f 1381/1496/395 557/586/396 79/80/397 593/623/398
f 561/590/383 1381/1496/395 593/623/398 82/83/384
f 65/66/350 570/599/349 1382/1498/399 578/608/400
f 570/600/349 64/65/348 555/584/401 1382/1497/399
f 1382/1497/399 555/584/401 78/79/402 594/625/403
f 578/608/400 1382/1498/399 594/624/403 75/76/404
f 69/70/328 571/601/356 1383/1499/405 560/589/388
f 571/601/356 62/63/355 553/582/406 1383/1499/405
f 1383/1499/405 553/582/406 77/78/407 595/626/408
f 560/589/388 1383/1499/405 595/626/408 81/82/389
f 68/69/334 572/602/359 1384/1500/409 559/588/392
f 572/602/359 67/68/305 579/609/370 1384/1500/409
f 1384/1500/409 579/609/370 76/77/374 596/627/410
f 559/588/392 1384/1500/409 596/627/410 80/81/393
f 66/67/340 573/603/362 1385/1501/411 557/586/396
f 573/603/362 65/66/350 578/608/400 1385/1501/411
f 1385/1501/411 578/608/400 75/76/404 597/628/412
f 557/586/396 1385/1501/411 597/628/412 79/80/397
f 64/65/348 574/604/365 1386/1502/413 555/584/401
f 574/604/365 63/64/314 577/607/376 1386/1502/413
f 1386/1502/413 577/607/376 74/75/380 598/629/414
f 555/584/401 1386/1502/413 598/629/414 78/79/402
f 62/63/355 575/605/368 1387/1503/415 553/582/406
f 575/605/368 61/62/323 576/606/382 1387/1503/415
f 1387/1503/415 576/606/382 73/74/386 599/630/416
f 553/582/406 1387/1503/415 599/630/416 77/78/407
f 41/42/122 507/534/121 1388/1504/417 541/570/418
f 507/534/121 40/41/120 608/639/419 1388/1504/417
f 1388/1504/417 608/639/419 93/94/315 612/643/366
f 541/570/418 1388/1504/417 612/643/366 85/86/353
f 48/49/197 514/541/196 1389/1505/420 543/572/421
f 514/541/196 47/48/195 609/640/422 1389/1505/420
f 1389/1505/420 609/640/422 94/95/306 613/644/363
f 543/572/421 1389/1505/420 613/644/363 86/87/346
f 37/38/203 504/531/202 1390/1506/423 545/574/424
f 504/531/202 38/39/201 610/641/425 1390/1506/423
f 1390/1506/423 610/641/425 95/96/342 614/645/360
f 545/574/424 1390/1506/423 614/645/360 87/88/338
f 45/46/209 511/538/208 1391/1507/426 547/576/427
f 511/538/208 44/45/207 611/642/428 1391/1507/426
f 1391/1507/426 611/642/428 96/97/297 615/646/357
f 547/576/427 1391/1507/426 615/646/357 88/89/332
f 42/43/213 508/535/212 1392/1508/429 548/577/430
f 508/535/212 41/42/122 541/570/418 1392/1508/429
f 1392/1508/429 541/570/418 85/86/353 616/647/351
f 548/577/430 1392/1508/429 616/647/351 89/90/326
f 38/39/201 515/542/215 1393/1510/431 610/641/425
f 515/543/215 48/49/197 543/572/421 1393/1509/431
f 1393/1509/431 543/572/421 86/87/346 617/648/343
f 610/641/425 1393/1510/431 617/649/343 95/96/342
f 39/40/219 505/532/218 1394/1511/432 549/578/433
f 505/532/218 37/38/203 545/574/424 1394/1511/432
f 1394/1511/432 545/574/424 87/88/338 618/650/336
f 549/578/433 1394/1511/432 618/650/336 90/91/319
f 46/47/223 512/539/222 1395/1512/434 550/579/435
f 512/539/222 45/46/209 547/576/427 1395/1512/434
f 1395/1512/434 547/576/427 88/89/332 619/651/330
f 550/579/435 1395/1512/434 619/651/330 91/92/310
f 43/44/227 509/536/226 1396/1513/436 551/580/437
f 509/536/226 42/43/213 548/577/430 1396/1513/436
f 1396/1513/436 548/577/430 89/90/326 620/652/324
f 551/580/437 1396/1513/436 620/652/324 92/93/301
f 40/41/120 506/533/229 1397/1514/438 608/639/419
f 506/533/229 39/40/219 549/578/433 1397/1514/438
f 1397/1514/438 549/578/433 90/91/319 621/653/316
f 608/639/419 1397/1514/438 621/653/316 93/94/315
f 47/48/195 513/540/231 1398/1515/439 609/640/422
f 513/540/231 46/47/223 550/579/435 1398/1515/439
f 1398/1515/439 550/579/435 91/92/310 622/654/307
f 609/640/422 1398/1515/439 622/654/307 94/95/306
f 44/45/207 510/537/233 1399/1516/440 611/642/428
f 510/537/233 43/44/227 551/580/437 1399/1516/440
f 1399/1516/440 551/580/437 92/93/301 623/655/298
f 611/642/428 1399/1516/440 623/655/298 96/97/297
f 100/104/441 679/722/442 1400/1517/443 695/740/444
f 679/722/442 131/141/445 691/736/446 1400/1517/443
f 1400/1517/443 691/736/446 151/164/447 715/760/448
f 695/740/444 1400/1517/443 715/760/448 157/170/449
f 128/137/450 1133/1220/451 1401/1518/452 626/660/453
f 1133/1220/454 354/372/455 1141/1229/456 1401/1518/457
f 1401/1518/457 1141/1229/456 352/370/458 1131/1218/459
f 626/660/453 1401/1518/452 1131/1218/460 97/98/461
f 102/107/41 636/673/40 1402/1519/462 631/667/463
f 106/112/39 635/672/464 1402/1519/462 636/673/40
f 111/117/465 647/684/466 1402/1519/462 635/672/464
f 363/383/467 1159/1248/468 1402/1519/462 647/684/466
f 365/385/469 631/667/463 1402/1519/462 1159/1248/468
f 103/108/47 637/674/46 1403/1520/470 632/668/471
f 637/674/46 102/107/41 631/667/463 1403/1520/470
f 1403/1520/470 631/667/463 365/385/469 1161/1250/472
f 632/668/471 1403/1520/470 1161/1250/472 362/381/473
f 104/110/474 638/675/475 1404/1521/476 633/670/477
f 638/675/475 101/106/478 630/666/479 1404/1521/476
f 1404/1521/476 630/666/479 12/12/480 461/481/481
f 633/670/477 1404/1521/476 461/481/481 14/15/482
f 104/110/474 641/678/483 1405/1522/484 1154/1243/485
f 108/114/486 640/677/487 1405/1522/484 641/678/483
f 109/115/488 643/680/489 1405/1522/484 640/677/487
f 361/380/490 1156/1245/491 1405/1522/484 643/680/489
f 367/387/492 1154/1243/485 1405/1522/484 1156/1245/491
f 100/105/493 1138/1226/494 1406/1523/495 679/721/495
f 359/378/496 1143/1231/497 1406/1523/498 1138/1226/499
f 358/377/500 1137/1225/501 1406/1523/498 1143/1231/497
f 98/100/502 625/658/503 1406/1523/503 1137/1225/504
f 127/135/505 675/714/506 1406/1524/507 625/659/508
f 122/128/509 667/704/510 1406/1524/511 675/714/506
f 131/141/445 679/722/442 1406/1524/512 667/704/510
f 98/100/502 1137/1225/504 1407/1525/513 680/723/514
f 1137/1225/501 358/377/500 1145/1233/515 1407/1525/516
f 1407/1525/516 1145/1233/515 355/373/517 1134/1221/518
f 680/723/514 1407/1525/513 1134/1221/519 132/142/520
f 97/98/461 1131/1218/460 1408/1526/521 624/656/521
f 352/370/458 1140/1228/522 1408/1526/523 1131/1218/459
f 357/376/524 1136/1224/525 1408/1526/523 1140/1228/522
f 99/103/526 678/719/527 1408/1526/527 1136/1224/528
f 130/140/529 666/703/530 1408/1527/531 678/720/532
f 121/127/533 674/713/534 1408/1527/535 666/703/530
f 126/134/536 624/657/537 1408/1527/538 674/713/534
f 176/189/539 777/823/540 1409/1528/541 628/663/542
f 777/823/540 180/194/543 772/818/544 1409/1528/541
f 1409/1528/541 772/818/544 359/378/496 1142/1230/545
f 628/663/542 1409/1528/541 1142/1230/545 353/371/546
f 113/119/63 651/688/547 1410/1529/548 650/687/64
f 651/688/547 109/115/488 640/677/487 1410/1529/548
f 1410/1529/548 640/677/487 108/114/486 653/690/549
f 650/687/64 1410/1529/548 653/690/549 114/120/65
f 114/120/65 653/690/549 1411/1530/550 652/689/66
f 108/114/486 641/678/483 1411/1530/550 653/690/549
f 104/110/474 633/670/477 1411/1530/550 641/678/483
f 14/15/482 464/485/551 1411/1530/550 633/670/477
f 16/17/69 930/988/68 1411/1530/550 464/485/551
f 251/267/67 652/689/66 1411/1530/550 930/988/68
f 115/121/61 655/692/552 1412/1531/553 654/691/62
f 655/692/552 110/116/554 642/679/555 1412/1531/553
f 1412/1531/553 642/679/555 109/115/488 651/688/547
f 654/691/62 1412/1531/553 651/688/547 113/119/63
f 116/122/55 657/694/54 1413/1532/556 656/693/60
f 657/694/54 107/113/53 644/681/557 1413/1532/556
f 1413/1532/556 644/681/557 110/116/554 655/692/552
f 656/693/60 1413/1532/556 655/692/552 115/121/61
f 105/111/558 659/696/559 1414/1533/560 634/671/561
f 117/123/27 658/695/26 1414/1533/560 659/696/559
f 10/10/25 458/478/562 1414/1533/560 658/695/26
f 12/12/480 630/666/479 1414/1533/560 458/478/562
f 101/106/478 634/671/561 1414/1533/560 630/666/479
f 112/118/563 661/698/564 1415/1534/565 648/685/566
f 661/698/564 118/124/29 660/697/28 1415/1534/565
f 1415/1534/565 660/697/28 117/123/27 659/696/559
f 648/685/566 1415/1534/565 659/696/559 105/111/558
f 111/117/465 663/700/567 1416/1535/568 646/683/569
f 663/700/567 119/125/31 662/699/30 1416/1535/568
f 1416/1535/568 662/699/30 118/124/29 661/698/564
f 646/683/569 1416/1535/568 661/698/564 112/118/563
f 106/112/39 665/702/38 1417/1536/570 635/672/464
f 665/702/38 120/126/33 664/701/32 1417/1536/570
f 1417/1536/570 664/701/32 119/125/31 663/700/567
f 635/672/464 1417/1536/570 663/700/567 111/117/465
f 130/140/529 678/720/532 1418/1537/571 697/742/572
f 678/720/532 99/102/573 698/743/574 1418/1537/571
f 1418/1537/571 698/743/574 148/161/575 714/759/576
f 697/742/572 1418/1537/571 714/759/576 149/162/577
f 128/136/578 626/661/579 1419/1538/580 687/732/581
f 626/661/579 97/99/582 688/733/583 1419/1538/580
f 1419/1538/580 688/733/583 143/156/584 704/749/585
f 687/732/581 1419/1538/580 704/749/585 146/159/586
f 129/138/587 677/717/588 1420/1539/589 699/744/590
f 677/717/588 124/131/591 686/731/592 1420/1539/589
f 1420/1539/589 686/731/592 156/169/593 713/758/594
f 699/744/590 1420/1539/589 713/758/594 147/160/595
f 127/135/505 625/659/508 1421/1540/596 690/735/597
f 625/659/508 98/101/598 700/745/599 1421/1540/596
f 1421/1540/596 700/745/599 145/158/600 703/748/601
f 690/735/597 1421/1540/596 703/748/601 144/157/602
f 124/131/591 669/707/603 1422/1541/604 686/731/592
f 669/707/603 133/145/605 694/739/606 1422/1541/604
f 1422/1541/604 694/739/606 155/168/607 709/754/608
f 686/731/592 1422/1541/604 709/754/608 156/169/593
f 123/129/609 676/715/610 1423/1542/611 689/734/612
f 676/715/610 128/136/578 687/732/581 1423/1542/611
f 1423/1542/611 687/732/581 146/159/586 712/757/613
f 689/734/612 1423/1542/611 712/757/613 154/167/614
f 97/99/582 624/657/537 1424/1543/615 688/733/583
f 624/657/537 126/134/536 693/738/616 1424/1543/615
f 1424/1543/615 693/738/616 142/155/617 702/747/618
f 688/733/583 1424/1543/615 702/747/618 143/156/584
f 132/143/619 668/705/620 1425/1544/621 701/746/622
f 668/705/620 123/129/609 689/734/612 1425/1544/621
f 1425/1544/621 689/734/612 154/167/614 708/753/623
f 701/746/622 1425/1544/621 708/753/623 153/166/624
f 122/128/509 675/714/506 1426/1545/625 692/737/626
f 675/714/506 127/135/505 690/735/597 1426/1545/625
f 1426/1545/625 690/735/597 144/157/602 711/756/627
f 692/737/626 1426/1545/625 711/756/627 152/165/628
f 131/141/445 667/704/510 1427/1546/629 691/736/446
f 667/704/510 122/128/509 692/737/626 1427/1546/629
f 1427/1546/629 692/737/626 152/165/628 707/752/630
f 691/736/446 1427/1546/629 707/752/630 151/164/447
f 126/134/536 674/713/534 1428/1547/631 693/738/616
f 674/713/534 121/127/533 696/741/632 1428/1547/631
f 1428/1547/631 696/741/632 150/163/633 710/755/634
f 693/738/616 1428/1547/631 710/755/634 142/155/617
f 133/145/605 681/725/635 1429/1548/636 694/739/606
f 681/725/635 100/104/441 695/740/444 1429/1548/636
f 1429/1548/636 695/740/444 157/170/449 717/762/637
f 694/739/606 1429/1548/636 717/762/637 155/168/607
f 121/127/533 666/703/530 1430/1549/638 696/741/632
f 666/703/530 130/140/529 697/742/572 1430/1549/638
f 1430/1549/638 697/742/572 149/162/577 706/751/639
f 696/741/632 1430/1549/638 706/751/639 150/163/633
f 99/102/573 629/664/640 1431/1550/641 698/743/574
f 629/664/640 129/138/587 699/744/590 1431/1550/641
f 1431/1550/641 699/744/590 147/160/595 705/750/642
f 698/743/574 1431/1550/641 705/750/642 148/161/575
f 98/101/598 680/724/643 1432/1551/644 700/745/599
f 680/724/643 132/143/619 701/746/622 1432/1551/644
f 1432/1551/644 701/746/622 153/166/624 716/761/645
f 700/745/599 1432/1551/644 716/761/645 145/158/600
f 340/358/646 1130/1217/647 1433/1552/648 727/772/649
f 1130/1217/647 344/362/650 1107/1194/651 1433/1552/648
f 1433/1552/648 1107/1194/651 318/336/652 685/730/653
f 727/772/649 1433/1552/648 685/730/653 315/333/654
f 343/361/655 1129/1216/656 1434/1553/657 733/778/658
f 1129/1216/656 345/363/659 1108/1195/660 1434/1553/657
f 1434/1553/657 1108/1195/660 304/322/661 670/709/662
f 733/778/658 1434/1553/657 670/709/662 305/323/663
f 336/354/664 1128/1215/665 1435/1554/666 718/763/667
f 1128/1215/665 348/366/668 1111/1198/669 1435/1554/666
f 1435/1554/666 1111/1198/669 314/332/670 740/785/671
f 718/763/667 1435/1554/666 740/785/671 307/325/672
f 338/356/673 1127/1214/674 1436/1555/675 723/768/676
f 1127/1214/674 336/354/664 718/763/667 1436/1555/675
f 1436/1555/675 718/763/667 307/325/672 671/710/677
f 723/768/676 1436/1555/675 671/710/677 306/324/678
f 337/355/679 1126/1213/680 1437/1556/681 719/764/682
f 1126/1213/680 350/368/683 1113/1200/684 1437/1556/681
f 1437/1556/681 1113/1200/684 316/334/685 739/784/686
f 719/764/682 1437/1556/681 739/784/686 309/327/687
f 339/357/688 1125/1212/689 1438/1557/690 725/770/691
f 1125/1212/689 337/355/679 719/764/682 1438/1557/690
f 1438/1557/690 719/764/682 309/327/687 672/711/692
f 725/770/691 1438/1557/690 672/711/692 308/326/693
f 344/362/650 1124/1211/694 1439/1558/695 1107/1194/651
f 1124/1211/694 346/364/696 1109/1196/697 1439/1558/695
f 1439/1558/695 1109/1196/697 311/329/698 738/783/699
f 1107/1194/651 1439/1558/695 738/783/699 318/336/652
f 345/363/659 1123/1210/700 1440/1559/701 1108/1195/660
f 1123/1210/700 347/365/702 1110/1197/703 1440/1559/701
f 1440/1559/701 1110/1197/703 319/337/704 745/790/705
f 1108/1195/660 1440/1559/701 745/790/705 304/322/661
f 346/364/696 1122/1209/706 1441/1560/707 1109/1196/697
f 1122/1209/706 349/367/708 1112/1199/709 1441/1560/707
f 1441/1560/707 1112/1199/709 310/328/710 673/712/711
f 1109/1196/697 1441/1560/707 673/712/711 311/329/698
f 342/360/712 1121/1208/713 1442/1561/714 731/776/715
f 1121/1208/713 338/356/673 723/768/676 1442/1561/714
f 1442/1561/714 723/768/676 306/324/678 744/789/716
f 731/776/715 1442/1561/714 744/789/716 317/335/717
f 341/359/718 1120/1207/719 1443/1562/720 729/774/721
f 1120/1207/719 351/369/722 1114/1201/723 1443/1562/720
f 1443/1562/720 1114/1201/723 312/330/724 682/727/725
f 729/774/721 1443/1562/720 682/727/725 313/331/726
f 347/365/702 1119/1206/727 1444/1563/728 1110/1197/703
f 1119/1206/727 339/357/688 725/770/691 1444/1563/728
f 1444/1563/728 725/770/691 308/326/693 743/788/729
f 1110/1197/703 1444/1563/728 743/788/729 319/337/704
f 348/366/668 1118/1205/730 1445/1564/731 1111/1198/669
f 1118/1205/730 340/358/646 727/772/649 1445/1564/731
f 1445/1564/731 727/772/649 315/333/654 683/728/732
f 1111/1198/669 1445/1564/731 683/728/732 314/332/670
f 349/367/708 1117/1204/733 1446/1565/734 1112/1199/709
f 1117/1204/733 341/359/718 729/774/721 1446/1565/734
f 1446/1565/734 729/774/721 313/331/726 742/787/735
f 1112/1199/709 1446/1565/734 742/787/735 310/328/710
f 350/368/683 1116/1203/736 1447/1566/737 1113/1200/684
f 1116/1203/736 342/360/712 731/776/715 1447/1566/737
f 1447/1566/737 731/776/715 317/335/717 684/729/738
f 1113/1200/684 1447/1566/737 684/729/738 316/334/685
f 351/369/722 1115/1202/739 1448/1567/740 1114/1201/723
f 1115/1202/739 343/361/655 733/778/658 1448/1567/740
f 1448/1567/740 733/778/658 305/323/663 741/786/741
f 1114/1201/723 1448/1567/740 741/786/741 312/330/724
f 173/186/742 765/810/743 1449/1568/744 762/807/745
f 765/810/743 134/147/746 1047/1134/747 1449/1568/744
f 1449/1568/744 1047/1134/747 135/148/748 1039/1126/749
f 762/807/745 1449/1568/744 1039/1126/749 136/149/750
f 172/185/751 761/806/752 1450/1569/753 758/803/754
f 761/806/752 164/177/755 734/779/756 1450/1569/753
f 1450/1569/753 734/779/756 163/176/757 1035/1122/758
f 758/803/754 1450/1569/753 1035/1122/758 162/175/759
f 171/184/742 757/802/760 1451/1570/761 754/799/762
f 757/802/760 165/178/755 735/780/761 1451/1570/761
f 1451/1570/761 735/780/761 166/179/761 748/793/761
f 754/799/762 1451/1570/761 748/793/761 167/180/763
f 170/183/751 753/798/764 1452/1571/765 750/795/763
f 753/798/764 141/154/766 1043/1130/767 1452/1571/765
f 1452/1571/765 1043/1130/767 125/133/768 749/794/769
f 750/795/763 1452/1571/765 749/794/769 168/181/763
f 165/178/755 752/797/752 1453/1572/761 735/780/761
f 752/797/752 170/183/751 750/795/763 1453/1572/761
f 1453/1572/761 750/795/763 168/181/763 737/782/761
f 735/780/761 1453/1572/761 737/782/761 166/179/761
f 161/174/770 1045/1132/771 1454/1573/753 747/792/756
f 1045/1132/771 137/150/772 751/796/754 1454/1573/753
f 1454/1573/753 751/796/754 170/183/751 752/797/752
f 747/792/756 1454/1573/753 752/797/752 165/178/755
f 137/150/772 1040/1127/773 1455/1574/774 751/796/754
f 1040/1127/773 140/153/775 1042/1129/776 1455/1574/774
f 1455/1574/774 1042/1129/776 141/154/766 753/798/764
f 751/796/754 1455/1574/774 753/798/764 170/183/751
f 139/152/777 756/801/778 1456/1575/779 1044/1131/780
f 756/801/778 171/184/742 754/799/762 1456/1575/779
f 1456/1575/779 754/799/762 167/180/763 736/781/769
f 1044/1131/780 1456/1575/779 736/781/769 159/172/781
f 138/151/782 1049/1136/783 1457/1576/784 1041/1128/785
f 1049/1136/783 160/173/786 755/800/745 1457/1576/784
f 1457/1576/784 755/800/745 171/184/742 756/801/778
f 1041/1128/785 1457/1576/784 756/801/778 139/152/777
f 160/173/786 1036/1123/787 1458/1577/788 755/800/745
f 1036/1123/787 161/174/770 747/792/756 1458/1577/788
f 1458/1577/788 747/792/756 165/178/755 757/802/760
f 755/800/745 1458/1577/788 757/802/760 171/184/742
f 158/171/789 760/805/764 1459/1578/774 1048/1135/790
f 760/805/764 172/185/751 758/803/754 1459/1578/774
f 1459/1578/774 758/803/754 162/175/759 1050/1137/791
f 1048/1135/790 1459/1578/774 1050/1137/791 169/182/792
f 159/172/781 736/781/769 1460/1579/765 1037/1124/793
f 736/781/769 167/180/763 759/804/763 1460/1579/765
f 1460/1579/765 759/804/763 172/185/751 760/805/764
f 1037/1124/793 1460/1579/765 760/805/764 158/171/789
f 167/180/763 748/793/761 1461/1580/761 759/804/763
f 748/793/761 166/179/761 746/791/761 1461/1580/761
f 1461/1580/761 746/791/761 164/177/755 761/806/752
f 759/804/763 1461/1580/761 761/806/752 172/185/751
f 164/177/755 764/809/760 1462/1581/794 734/779/756
f 764/809/760 173/186/742 762/807/745 1462/1581/794
f 1462/1581/794 762/807/745 136/149/750 1046/1133/795
f 734/779/756 1462/1581/794 1046/1133/795 163/176/757
f 166/179/761 737/782/761 1463/1582/761 746/791/761
f 737/782/761 168/181/763 763/808/762 1463/1582/761
f 1463/1582/761 763/808/762 173/186/742 764/809/760
f 746/791/761 1463/1582/761 764/809/760 164/177/755
f 168/181/763 749/794/769 1464/1583/796 763/808/762
f 749/794/769 125/133/768 1038/1125/797 1464/1583/796
f 1464/1583/796 1038/1125/797 134/147/746 765/810/743
f 763/808/762 1464/1583/796 765/810/743 173/186/742
f 178/191/798 774/820/799 1465/1584/800 1149/1237/801
f 774/820/799 174/187/802 1151/1240/803 1465/1584/800
f 1465/1584/800 1151/1240/803 364/384/804 1162/1251/805
f 1149/1237/801 1465/1584/800 1162/1251/805 362/382/473
f 176/189/539 775/821/806 1466/1585/807 768/813/808
f 775/821/806 177/190/809 769/814/810 1466/1585/807
f 1466/1585/807 769/814/810 360/379/811 1155/1244/812
f 768/813/808 1466/1585/807 1155/1244/812 367/387/492
f 181/195/813 776/822/814 1467/1586/815 1153/1242/816
f 776/822/814 179/193/817 1150/1239/818 1467/1586/815
f 1467/1586/815 1150/1239/818 363/383/467 1158/1247/819
f 1153/1242/816 1467/1586/815 1158/1247/819 366/386/820
f 177/190/809 775/821/806 1468/1587/821 627/662/822
f 775/821/806 176/189/539 628/663/542 1468/1587/821
f 1468/1587/821 628/663/542 353/371/546 1144/1232/823
f 627/662/822 1468/1587/821 1144/1232/823 356/375/824
f 177/190/809 627/662/822 1469/1588/825 779/825/826
f 627/662/822 356/375/824 1139/1227/827 1469/1588/825
f 1469/1588/825 1139/1227/827 357/376/524 773/819/828
f 779/825/826 1469/1588/825 773/819/828 181/195/813
f 177/190/809 779/825/826 1470/1589/829 769/814/810
f 779/825/826 181/195/813 1153/1242/816 1470/1589/829
f 1470/1589/829 1153/1242/816 366/386/820 1157/1246/830
f 769/814/810 1470/1589/829 1157/1246/830 360/379/811
f 174/187/802 780/826/831 1471/1590/832 1151/1240/803
f 780/826/831 180/194/543 1148/1236/833 1471/1590/832
f 1471/1590/832 1148/1236/833 361/380/490 1160/1249/834
f 1151/1240/803 1471/1590/832 1160/1249/834 364/384/804
f 132/144/520 1134/1222/519 1472/1591/835 668/706/836
f 355/374/517 1146/1234/837 1472/1591/838 1134/1222/518
f 354/372/455 1133/1220/454 1472/1591/838 1146/1234/837
f 128/137/450 676/716/839 1472/1591/839 1133/1220/451
f 123/130/840 668/706/836 1472/1591/835 676/716/840
f 50/51/841 990/1059/842 1473/1592/843 979/1048/844
f 990/1059/842 60/61/845 782/828/843 1473/1592/843
f 1473/1592/843 782/828/843 289/305/843 783/829/843
f 979/1048/844 1473/1592/843 783/829/843 49/50/846
f 60/61/845 989/1058/847 1474/1594/843 782/828/843
f 59/60/848 784/831/843 1474/1594/843 989/1058/847
f 303/321/843 1003/1075/843 1474/1593/843 784/830/843
f 195/211/849 995/1067/110 1474/1593/110 1003/1075/850
f 186/202/110 999/1071/110 1474/1593/110 995/1067/110
f 191/207/851 991/1061/852 1474/1593/110 999/1071/110
f 289/305/843 782/828/843 1474/1594/843 991/1060/843
f 59/60/848 988/1057/853 1475/1595/843 784/831/843
f 988/1057/853 58/59/854 987/1056/855 1475/1595/843
f 1475/1595/843 987/1056/855 57/58/856 786/833/843
f 784/831/843 1475/1595/843 786/833/843 303/320/843
f 49/50/846 783/829/843 1476/1597/843 980/1049/857
f 289/305/843 1004/1076/843 1476/1597/843 783/829/843
f 196/212/858 996/1068/110 1476/1596/110 1004/1077/859
f 187/203/110 1000/1072/110 1476/1596/110 996/1068/110
f 192/208/860 992/1062/861 1476/1596/110 1000/1072/110
f 183/198/843 788/835/843 1476/1596/843 992/1062/843
f 51/52/862 980/1049/857 1476/1597/843 788/836/843
f 298/315/863 795/843/864 1477/1598/865 829/877/866
f 795/843/864 297/314/867 816/864/868 1477/1598/865
f 1477/1598/865 816/864/868 216/232/869 835/883/870
f 829/877/866 1477/1598/865 835/883/870 217/233/871
f 303/320/843 786/833/843 1478/1599/843 1005/1078/843
f 57/58/856 986/1055/872 1478/1599/843 786/833/843
f 56/57/873 791/839/843 1478/1599/843 986/1055/872
f 185/200/843 993/1063/843 1478/1599/843 791/839/843
f 193/209/874 1001/1073/110 1478/1600/110 993/1064/875
f 188/204/110 997/1069/110 1478/1600/110 1001/1073/110
f 197/213/876 1005/1079/877 1478/1600/110 997/1069/110
f 51/52/862 788/836/843 1479/1601/843 981/1050/878
f 788/836/843 183/197/843 792/840/843 1479/1601/843
f 1479/1601/843 792/840/843 53/54/879 982/1051/880
f 981/1050/878 1479/1601/843 982/1051/880 52/53/881
f 183/197/843 994/1065/843 1480/1603/843 792/840/843
f 194/210/882 1002/1074/110 1480/1602/110 994/1066/883
f 189/205/110 998/1070/110 1480/1602/110 1002/1074/110
f 198/214/884 1006/1081/885 1480/1602/110 998/1070/110
f 185/200/843 793/841/843 1480/1603/843 1006/1080/843
f 54/55/886 983/1052/887 1480/1603/843 793/841/843
f 53/54/879 792/840/843 1480/1603/843 983/1052/887
f 185/200/843 791/839/843 1481/1604/843 793/841/843
f 791/839/843 56/57/873 985/1054/888 1481/1604/843
f 1481/1604/843 985/1054/888 55/56/889 984/1053/890
f 793/841/843 1481/1604/843 984/1053/890 54/55/886
f 288/304/891 802/850/892 1482/1605/893 815/863/894
f 802/850/892 296/313/895 814/862/896 1482/1605/893
f 1482/1605/893 814/862/896 215/231/897 838/886/898
f 815/863/894 1482/1605/893 838/886/898 207/223/899
f 291/308/900 787/834/901 1483/1606/902 821/869/903
f 787/834/901 290/307/904 828/876/905 1483/1606/902
f 1483/1606/902 828/876/905 209/225/906 831/879/907
f 821/869/903 1483/1606/902 831/879/907 210/226/908
f 293/310/909 809/857/910 1484/1607/911 825/873/912
f 809/857/910 301/318/913 822/870/914 1484/1607/911
f 1484/1607/911 822/870/914 220/236/915 845/893/916
f 825/873/912 1484/1607/911 845/893/916 212/228/917
f 296/313/895 794/842/918 1485/1608/919 814/862/896
f 794/842/918 295/312/920 818/866/921 1485/1608/919
f 1485/1608/919 818/866/921 214/230/922 834/882/923
f 814/862/896 1485/1608/919 834/882/923 215/231/897
f 184/199/924 808/856/925 1486/1609/926 819/867/927
f 808/856/925 299/316/928 826/874/929 1486/1609/926
f 1486/1609/926 826/874/929 218/234/930 844/892/931
f 819/867/927 1486/1609/926 844/892/931 222/238/932
f 182/196/933 785/832/934 1487/1610/935 817/865/936
f 785/832/934 288/304/891 815/863/894 1487/1610/935
f 1487/1610/935 815/863/894 207/223/899 830/878/937
f 817/865/936 1487/1610/935 830/878/937 208/224/938
f 297/314/867 807/855/939 1488/1611/940 816/864/868
f 807/855/939 182/196/933 817/865/936 1488/1611/940
f 1488/1611/940 817/865/936 208/224/938 843/891/941
f 816/864/868 1488/1611/940 843/891/941 216/232/869
f 295/312/920 806/854/942 1489/1612/943 818/866/921
f 806/854/942 184/199/924 819/867/927 1489/1612/943
f 1489/1612/943 819/867/927 222/238/932 842/890/944
f 818/866/921 1489/1612/943 842/890/944 214/230/922
f 302/319/945 805/853/946 1490/1613/947 823/871/948
f 805/853/946 294/311/949 820/868/950 1490/1613/947
f 1490/1613/947 820/868/950 213/229/951 841/889/952
f 823/871/948 1490/1613/947 841/889/952 221/237/953
f 294/311/949 790/838/954 1491/1614/955 820/868/950
f 790/838/954 291/308/900 821/869/903 1491/1614/955
f 1491/1614/955 821/869/903 210/226/908 833/881/956
f 820/868/950 1491/1614/955 833/881/956 213/229/951
f 301/318/913 797/845/957 1492/1615/958 822/870/914
f 797/845/957 302/319/945 823/871/948 1492/1615/958
f 1492/1615/958 823/871/948 221/237/953 837/885/959
f 822/870/914 1492/1615/958 837/885/959 220/236/915
f 300/317/960 804/852/961 1493/1616/962 827/875/963
f 804/852/961 292/309/964 824/872/965 1493/1616/962
f 1493/1616/962 824/872/965 211/227/966 840/888/967
f 827/875/963 1493/1616/962 840/888/967 219/235/968
f 292/309/964 789/837/969 1494/1617/970 824/872/965
f 789/837/969 293/310/909 825/873/912 1494/1617/970
f 1494/1617/970 825/873/912 212/228/917 832/880/971
f 824/872/965 1494/1617/970 832/880/971 211/227/966
f 299/316/928 796/844/972 1495/1618/973 826/874/929
f 796/844/972 300/317/960 827/875/963 1495/1618/973
f 1495/1618/973 827/875/963 219/235/968 836/884/974
f 826/874/929 1495/1618/973 836/884/974 218/234/930
f 290/307/904 803/851/975 1496/1619/976 828/876/905
f 803/851/975 298/315/863 829/877/866 1496/1619/976
f 1496/1619/976 829/877/866 217/233/871 839/887/977
f 828/876/905 1496/1619/976 839/887/977 209/225/906
f 429/449/978 1314/1424/979 1497/1620/980 847/895/981
f 1314/1424/979 434/454/982 1289/1399/983 1497/1620/980
f 1497/1620/984 1289/1399/985 201/217/986 811/859/987
f 847/895/988 1497/1620/984 811/859/987 202/218/989
f 437/457/990 1313/1423/991 1498/1621/992 855/903/993
f 1313/1423/991 438/458/994 1293/1403/995 1498/1621/992
f 1498/1621/996 1293/1403/997 234/250/998 870/918/999
f 855/903/1000 1498/1621/996 870/918/999 199/215/1001
f 441/461/1002 1312/1422/1003 1499/1622/1004 859/907/1005
f 1312/1422/1003 431/451/1006 1286/1396/1007 1499/1622/1004
f 1499/1622/1008 1286/1396/1009 204/220/1010 812/860/1011
f 859/907/1012 1499/1622/1008 812/860/1011 203/219/1013
f 428/448/1014 1311/1421/1015 1500/1623/1016 846/894/1017
f 1311/1421/1015 440/460/1018 1295/1405/1019 1500/1623/1016
f 1500/1623/1020 1295/1405/1021 200/216/1022 869/917/1023
f 846/894/1024 1500/1623/1020 869/917/1023 228/244/1025
f 443/463/1026 1310/1420/1027 1501/1624/1028 861/909/1029
f 1310/1420/1027 433/453/1030 1288/1398/1031 1501/1624/1028
f 1501/1624/1032 1288/1398/1033 206/222/1034 813/861/1035
f 861/909/1036 1501/1624/1032 813/861/1035 205/221/1037
f 435/455/1038 1309/1419/1039 1502/1625/1040 853/901/1041
f 1309/1419/1039 428/448/1014 846/894/1017 1502/1625/1040
f 1502/1625/1042 846/894/1024 228/244/1025 798/846/1043
f 853/901/1044 1502/1625/1042 798/846/1043 227/243/1045
f 430/450/1046 1308/1418/1047 1503/1626/1048 848/896/1049
f 1308/1418/1047 429/449/978 847/895/981 1503/1626/1048
f 1503/1626/1050 847/895/988 202/218/989 868/916/1051
f 848/896/1052 1503/1626/1050 868/916/1051 226/242/1053
f 439/459/1054 1307/1417/1055 1504/1627/1056 857/905/1057
f 1307/1417/1055 430/450/1046 848/896/1049 1504/1627/1056
f 1504/1627/1058 848/896/1052 226/242/1053 799/847/1059
f 857/905/1060 1504/1627/1058 799/847/1059 225/241/1061
f 431/451/1006 1306/1416/1062 1505/1628/1063 1286/1396/1007
f 1306/1416/1062 432/452/1064 1287/1397/1065 1505/1628/1063
f 1505/1628/1066 1287/1397/1067 224/240/1068 867/915/1069
f 1286/1396/1009 1505/1628/1066 867/915/1069 204/220/1010
f 432/452/1064 1305/1415/1070 1506/1629/1071 1287/1397/1065
f 1305/1415/1070 442/462/1072 1297/1407/1073 1506/1629/1071
f 1506/1629/1074 1297/1407/1075 223/239/1076 800/848/1077
f 1287/1397/1067 1506/1629/1074 800/848/1077 224/240/1068
f 433/453/1030 1304/1414/1078 1507/1630/1079 1288/1398/1031
f 1304/1414/1078 436/456/1080 1291/1401/1081 1507/1630/1079
f 1507/1630/1082 1291/1401/1083 190/206/1084 866/914/1085
f 1288/1398/1033 1507/1630/1082 866/914/1085 206/222/1034
f 434/454/982 1303/1413/1086 1508/1631/1087 1289/1399/983
f 1303/1413/1086 435/455/1038 853/901/1041 1508/1631/1087
f 1508/1631/1088 853/901/1044 227/243/1045 873/921/1089
f 1289/1399/985 1508/1631/1088 873/921/1089 201/217/986
f 436/456/1080 1302/1412/1090 1509/1632/1091 1291/1401/1081
f 1302/1412/1090 437/457/990 855/903/993 1509/1632/1091
f 1509/1632/1092 855/903/1000 199/215/1001 801/849/1093
f 1291/1401/1083 1509/1632/1092 801/849/1093 190/206/1084
f 438/458/994 1301/1411/1094 1510/1633/1095 1293/1403/995
f 1301/1411/1094 439/459/1054 857/905/1057 1510/1633/1095
f 1510/1633/1096 857/905/1060 225/241/1061 872/920/1097
f 1293/1403/997 1510/1633/1096 872/920/1097 234/250/998
f 440/460/1018 1300/1410/1098 1511/1634/1099 1295/1405/1019
f 1300/1410/1098 441/461/1002 859/907/1005 1511/1634/1099
f 1511/1634/1100 859/907/1012 203/219/1013 810/858/1101
f 1295/1405/1021 1511/1634/1100 810/858/1101 200/216/1022
f 442/462/1072 1299/1409/1102 1512/1635/1103 1297/1407/1073
f 1299/1409/1102 443/463/1026 861/909/1029 1512/1635/1103
f 1512/1635/1104 861/909/1036 205/221/1037 871/919/1105
f 1297/1407/1075 1512/1635/1104 871/919/1105 223/239/1076
f 238/254/1106 893/941/1107 1513/1636/1108 890/938/1109
f 893/941/1107 202/218/989 811/859/987 1513/1636/1108
f 1513/1636/1108 811/859/987 201/217/986 873/921/1089
f 890/938/1109 1513/1636/1108 873/921/1089 227/243/1045
f 237/253/1110 889/937/1111 1514/1637/1112 886/934/1113
f 889/937/1111 229/245/1114 862/910/1115 1514/1637/1112
f 1514/1637/1112 862/910/1115 228/244/1025 869/917/1023
f 886/934/1113 1514/1637/1112 869/917/1023 200/216/1022
f 236/252/1116 885/933/1117 1515/1638/843 882/930/1118
f 885/933/1117 230/246/1119 863/911/843 1515/1638/843
f 1515/1638/843 863/911/843 231/247/843 876/924/843
f 882/930/1118 1515/1638/843 876/924/843 232/248/1120
f 235/251/1121 881/929/1122 1516/1639/1123 878/926/1124
f 881/929/1122 225/241/1061 799/847/1059 1516/1639/1123
f 1516/1639/1123 799/847/1059 226/242/1053 877/925/1125
f 878/926/1124 1516/1639/1123 877/925/1125 233/249/1126
f 230/246/1119 880/928/1127 1517/1640/843 863/911/843
f 880/928/1127 235/251/1121 878/926/1124 1517/1640/843
f 1517/1640/843 878/926/1124 233/249/1126 865/913/843
f 863/911/843 1517/1640/843 865/913/843 231/247/843
f 190/206/1084 801/849/1093 1518/1641/1128 875/923/1129
f 801/849/1093 199/215/1001 879/927/1130 1518/1641/1128
f 1518/1641/1128 879/927/1130 235/251/1121 880/928/1127
f 875/923/1129 1518/1641/1128 880/928/1127 230/246/1119
f 199/215/1001 870/918/999 1519/1642/1131 879/927/1130
f 870/918/999 234/250/998 872/920/1097 1519/1642/1131
f 1519/1642/1131 872/920/1097 225/241/1061 881/929/1122
f 879/927/1130 1519/1642/1131 881/929/1122 235/251/1121
f 223/239/1076 884/932/1132 1520/1643/1133 800/848/1077
f 884/932/1132 236/252/1116 882/930/1118 1520/1643/1133
f 1520/1643/1133 882/930/1118 232/248/1120 864/912/1134
f 800/848/1077 1520/1643/1133 864/912/1134 224/240/1068
f 205/221/1037 813/861/1035 1521/1644/1135 871/919/1105
f 813/861/1035 206/222/1034 883/931/1136 1521/1644/1135
f 1521/1644/1135 883/931/1136 236/252/1116 884/932/1132
f 871/919/1105 1521/1644/1135 884/932/1132 223/239/1076
f 206/222/1034 866/914/1085 1522/1645/1137 883/931/1136
f 866/914/1085 190/206/1084 875/923/1129 1522/1645/1137
f 1522/1645/1137 875/923/1129 230/246/1119 885/933/1117
f 883/931/1136 1522/1645/1137 885/933/1117 236/252/1116
f 204/220/1010 888/936/1138 1523/1646/1139 812/860/1011
f 888/936/1138 237/253/1110 886/934/1113 1523/1646/1139
f 1523/1646/1139 886/934/1113 200/216/1022 810/858/1101
f 812/860/1011 1523/1646/1139 810/858/1101 203/219/1013
f 224/240/1068 864/912/1134 1524/1647/1140 867/915/1069
f 864/912/1134 232/248/1120 887/935/1141 1524/1647/1140
f 1524/1647/1140 887/935/1141 237/253/1110 888/936/1138
f 867/915/1069 1524/1647/1140 888/936/1138 204/220/1010
f 232/248/1120 876/924/843 1525/1648/843 887/935/1141
f 876/924/843 231/247/843 874/922/843 1525/1648/843
f 1525/1648/843 874/922/843 229/245/1114 889/937/1111
f 887/935/1141 1525/1648/843 889/937/1111 237/253/1110
f 229/245/1114 892/940/1142 1526/1649/1143 862/910/1115
f 892/940/1142 238/254/1106 890/938/1109 1526/1649/1143
f 1526/1649/1143 890/938/1109 227/243/1045 798/846/1043
f 862/910/1115 1526/1649/1143 798/846/1043 228/244/1025
f 231/247/843 865/913/843 1527/1650/843 874/922/843
f 865/913/843 233/249/1126 891/939/1144 1527/1650/843
f 1527/1650/843 891/939/1144 238/254/1106 892/940/1142
f 874/922/843 1527/1650/843 892/940/1142 229/245/1114
f 233/249/1126 877/925/1125 1528/1651/1145 891/939/1144
f 877/925/1125 226/242/1053 868/916/1051 1528/1651/1145
f 1528/1651/1145 868/916/1051 202/218/989 893/941/1107
f 891/939/1144 1528/1651/1145 893/941/1107 238/254/1106
f 240/256/108 928/986/1146 1529/1652/1147 908/965/109
f 928/986/1146 239/255/1148 909/966/1149 1529/1652/1147
f 1583/1723/110 1766/1956/110 1790/1992/110 1582/1722/110
f 1328/1439/106 908/965/109 1763/1952/1150 1785/1985/1151
f 239/255/1148 927/985/1152 1530/1653/1153 909/966/1149
f 927/985/1152 243/259/1154 910/967/1155 1530/1653/1153
f 1581/1721/110 1768/1959/110 1792/1995/110 1580/1720/110
f 1582/1722/110 1790/1992/110 1768/1959/110 1581/1721/110
f 243/259/1154 926/984/1156 1531/1654/1157 910/967/1155
f 926/984/1156 244/260/1158 911/968/1159 1531/1654/1157
f 1579/1719/110 1770/1962/110 1794/1998/110 1578/1718/110
f 1580/1720/110 1792/1995/110 1770/1962/110 1579/1719/110
f 244/260/1158 925/983/1160 1532/1655/1161 911/968/1159
f 925/983/1160 245/261/1162 912/969/1163 1532/1655/1161
f 1577/1717/110 1772/1965/110 1796/2001/110 1576/1716/110
f 1578/1718/110 1794/1998/110 1772/1965/110 1577/1717/110
f 245/261/1162 924/982/1164 1533/1656/1165 912/969/1163
f 924/982/1164 247/263/1166 914/971/1167 1533/1656/1165
f 903/959/1168 1538/1661/1169 1799/2006/1170 1776/1972/1171
f 1576/1716/110 1796/2001/110 1774/1968/110 1798/2004/110
f 246/262/1172 923/981/1173 1534/1657/1174 913/970/1175
f 923/981/1173 249/265/1176 916/973/1177 1534/1657/1174
f 1782/1980/110 1582/1722/110 1581/1721/110 1758/1944/110
f 1758/1944/110 1581/1721/110 1580/1720/110 1780/1977/110
f 247/263/1166 922/980/1178 1535/1658/1179 914/971/1167
f 922/980/1178 248/264/1180 903/959/1168 1535/1658/1179
f 1800/2008/110 1576/1716/110 1798/2004/110 1775/1970/110
f 1533/1656/1165 914/971/1167 1773/1967/1181 1795/2000/1182
f 249/265/1176 921/979/1183 1536/1659/1184 916/973/1177
f 921/979/1183 250/266/1185 905/962/1186 1536/1659/1184
f 1784/1983/110 1584/1724/110 1583/1723/110 1760/1947/110
f 905/962/1186 1537/1660/111 1783/1982/113 1759/1946/1187
f 250/266/1185 920/978/1188 1537/1660/111 905/962/1186
f 920/978/1188 241/257/104 907/964/107 1537/1660/111
f 1786/1986/110 1764/1953/110 1788/1989/110 1584/1724/110
f 1536/1659/1184 905/962/1186 1759/1946/1187 1781/1979/1189
f 248/264/1180 919/977/1190 1538/1661/1169 903/959/1168
f 919/976/1190 242/258/1191 894/942/1192 1538/1662/1169
f 1753/1937/110 1577/1717/110 1576/1716/110 1800/2008/110
f 1535/1658/1179 903/959/1168 1776/1972/1171 1797/2003/1193
f 242/258/1191 918/975/1194 1539/1663/1195 894/942/1192
f 918/975/1194 246/262/1172 913/970/1175 1539/1663/1195
f 1780/1977/110 1580/1720/110 1579/1719/110 1756/1941/110
f 1778/1974/110 1578/1718/110 1577/1717/110 1753/1937/110
f 377/397/1196 1186/1280/1197 1540/1664/1198 906/963/1199
f 1186/1280/1197 374/394/1200 1169/1258/1201 1540/1664/1198
f 1540/1664/1198 1169/1258/1201 246/262/1172 918/975/1194
f 906/963/1199 1540/1664/1198 918/975/1194 242/258/1191
f 378/398/1202 1185/1279/1203 1541/1666/1204 915/972/1205
f 1185/1278/1203 377/397/1196 906/963/1199 1541/1665/1204
f 1541/1665/1204 906/963/1199 242/258/1191 919/976/1190
f 915/972/1205 1541/1666/1204 919/977/1190 248/264/1180
f 379/399/1206 1184/1277/1207 1542/1667/1208 917/974/1209
f 1184/1277/1207 368/388/1210 1163/1252/1211 1542/1667/1208
f 1542/1667/1208 1163/1252/1211 241/257/104 920/978/1188
f 917/974/1209 1542/1667/1208 920/978/1188 250/266/1185
f 376/396/1212 1183/1276/1213 1543/1668/1214 1171/1260/1215
f 1183/1276/1213 379/399/1206 917/974/1209 1543/1668/1214
f 1543/1668/1214 917/974/1209 250/266/1185 921/979/1183
f 1171/1260/1215 1543/1668/1214 921/979/1183 249/265/1176
f 375/395/1216 1182/1275/1217 1544/1669/1218 1170/1259/1219
f 1182/1275/1217 378/398/1202 915/972/1205 1544/1669/1218
f 1544/1669/1218 915/972/1205 248/264/1180 922/980/1178
f 1170/1259/1219 1544/1669/1218 922/980/1178 247/263/1166
f 374/394/1200 1181/1274/1220 1545/1670/1221 1169/1258/1201
f 1181/1274/1220 376/396/1212 1171/1260/1215 1545/1670/1221
f 1545/1670/1221 1171/1260/1215 249/265/1176 923/981/1173
f 1169/1258/1201 1545/1670/1221 923/981/1173 246/262/1172
f 373/393/1222 1180/1273/1223 1546/1671/1224 1168/1257/1225
f 1180/1273/1223 375/395/1216 1170/1259/1219 1546/1671/1224
f 1546/1671/1224 1170/1259/1219 247/263/1166 924/982/1164
f 1168/1257/1225 1546/1671/1224 924/982/1164 245/261/1162
f 372/392/1226 1179/1272/1227 1547/1672/1228 1167/1256/1229
f 1179/1272/1227 373/393/1222 1168/1257/1225 1547/1672/1228
f 1547/1672/1228 1168/1257/1225 245/261/1162 925/983/1160
f 1167/1256/1229 1547/1672/1228 925/983/1160 244/260/1158
f 371/391/1230 1178/1271/1231 1548/1673/1232 1166/1255/1233
f 1178/1271/1231 372/392/1226 1167/1256/1229 1548/1673/1232
f 1548/1673/1232 1167/1256/1229 244/260/1158 926/984/1156
f 1166/1255/1233 1548/1673/1232 926/984/1156 243/259/1154
f 370/390/1234 1177/1270/1235 1549/1674/1236 1165/1254/1237
f 1177/1270/1235 371/391/1230 1166/1255/1233 1549/1674/1236
f 1549/1674/1236 1166/1255/1233 243/259/1154 927/985/1152
f 1165/1254/1237 1549/1674/1236 927/985/1152 239/255/1148
f 369/389/1238 1176/1269/1239 1550/1675/1240 1164/1253/1241
f 1176/1269/1239 370/390/1234 1165/1254/1237 1550/1675/1240
f 1550/1675/1240 1165/1254/1237 239/255/1148 928/986/1146
f 1164/1253/1241 1550/1675/1240 928/986/1146 240/256/108
f 368/388/1210 1175/1268/1242 1551/1676/1243 1163/1252/1211
f 1175/1268/1242 369/389/1238 1164/1253/1241 1551/1676/1243
f 1551/1676/1243 1164/1253/1241 240/256/108 929/987/105
f 1163/1252/1211 1551/1676/1243 929/987/105 241/257/104
f 24/25/98 476/497/97 1552/1677/1244 941/1007/1245
f 476/497/97 22/23/83 495/520/1246 1552/1677/1244
f 1552/1678/1247 495/521/1248 255/271/123 943/1010/180
f 941/1008/1249 1552/1678/1247 943/1010/180 262/278/169
f 8/8/19 452/472/18 1553/1679/1250 940/1005/1251
f 452/472/18 6/6/13 493/517/1252 1553/1679/1250
f 1553/1680/1253 493/518/1254 253/269/86 944/1011/177
f 940/1006/1255 1553/1680/1253 944/1011/177 261/277/163
f 4/4/7 445/465/6 1554/1681/1256 931/989/1257
f 445/465/6 2/2/5 503/529/1258 1554/1681/1256
f 1554/1682/1259 503/530/1260 263/279/165 945/1012/174
f 931/990/1261 1554/1682/1259 945/1012/174 252/268/90
f 2/2/5 479/501/103 1555/1683/1262 503/529/1258
f 479/502/103 24/25/98 941/1007/1245 1555/1684/1262
f 1555/1685/1263 941/1008/1249 262/278/169 946/1013/166
f 503/530/1260 1555/1686/1263 946/1014/166 263/279/165
f 10/10/25 455/475/24 1556/1687/1264 939/1003/1265
f 455/475/24 8/8/19 940/1005/1251 1556/1687/1264
f 1556/1688/1266 940/1006/1255 261/277/163 947/1015/161
f 939/1004/1267 1556/1688/1266 947/1015/161 260/276/158
f 12/12/480 458/478/562 1557/1689/1268 938/1001/1269
f 458/478/562 10/10/25 939/1003/1265 1557/1689/1268
f 1557/1690/1270 939/1004/1267 260/276/158 948/1016/156
f 938/1002/1271 1557/1690/1270 948/1016/156 259/275/152
f 14/15/482 461/481/481 1558/1691/1272 937/999/1273
f 461/481/481 12/12/480 938/1001/1269 1558/1691/1272
f 1558/1692/1274 938/1002/1271 259/275/152 949/1017/150
f 937/1000/1275 1558/1692/1274 949/1017/150 258/274/146
f 16/17/69 464/485/551 1559/1693/1276 936/997/1277
f 464/485/551 14/15/482 937/999/1273 1559/1693/1276
f 1559/1694/1278 937/1000/1275 258/274/146 950/1018/144
f 936/998/1279 1559/1694/1278 950/1018/144 257/273/140
f 18/19/71 467/488/70 1560/1695/1280 935/995/1281
f 467/488/70 16/17/69 936/997/1277 1560/1695/1280
f 1560/1696/1282 936/998/1279 257/273/140 951/1019/138
f 935/996/1283 1560/1696/1282 951/1019/138 256/272/134
f 20/21/77 470/491/76 1561/1697/1284 933/992/1285
f 470/491/76 18/19/71 935/995/1281 1561/1697/1284
f 1561/1698/1286 935/996/1283 256/272/134 952/1020/132
f 933/993/1287 1561/1698/1286 952/1020/132 254/270/127
f 22/23/83 473/494/82 1562/1699/1288 495/520/1246
f 473/494/82 20/21/77 933/992/1285 1562/1699/1288
f 1562/1700/1289 933/993/1287 254/270/127 953/1021/124
f 495/521/1248 1562/1700/1289 953/1021/124 255/271/123
f 6/6/13 449/469/12 1563/1701/1290 493/517/1252
f 449/469/12 4/4/7 931/989/1257 1563/1701/1290
f 1563/1702/1291 931/990/1261 252/268/90 954/1022/87
f 493/518/1254 1563/1702/1291 954/1022/87 253/269/86
f 76/77/374 588/618/373 1564/1703/1292 958/1026/1293
f 588/618/373 84/85/372 587/617/1294 1564/1703/1292
f 1564/1703/1292 587/617/1294 275/291/282 967/1035/294
f 958/1026/1293 1564/1703/1292 967/1035/294 267/283/256
f 74/75/380 589/619/379 1565/1704/1295 956/1024/1296
f 589/619/379 83/84/378 586/616/1297 1565/1704/1295
f 1565/1704/1295 586/616/1297 274/290/276 968/1036/291
f 956/1024/1296 1565/1704/1295 968/1036/291 265/281/238
f 73/74/386 590/620/385 1566/1705/1298 955/1023/1299
f 590/620/385 82/83/384 585/615/1300 1566/1705/1298
f 1566/1705/1298 585/615/1300 273/289/270 969/1037/288
f 955/1023/1299 1566/1705/1298 969/1037/288 264/280/187
f 84/85/372 591/621/390 1567/1706/1301 587/617/1294
f 591/621/390 81/82/389 584/614/1302 1567/1706/1301
f 1567/1706/1301 584/614/1302 272/288/261 970/1038/283
f 587/617/1294 1567/1706/1301 970/1038/283 275/291/282
f 83/84/378 592/622/394 1568/1707/1303 586/616/1297
f 592/622/394 80/81/393 583/613/1304 1568/1707/1303
f 1568/1707/1303 583/613/1304 271/287/252 971/1039/277
f 586/616/1297 1568/1707/1303 971/1039/277 274/290/276
f 82/83/384 593/623/398 1569/1708/1305 585/615/1300
f 593/623/398 79/80/397 582/612/1306 1569/1708/1305
f 1569/1708/1305 582/612/1306 270/286/243 972/1040/271
f 585/615/1300 1569/1708/1305 972/1040/271 273/289/270
f 75/76/404 594/624/403 1570/1710/1307 957/1025/1308
f 594/625/403 78/79/402 581/611/1309 1570/1709/1307
f 1570/1709/1307 581/611/1309 269/285/234 973/1041/267
f 957/1025/1308 1570/1710/1307 973/1042/267 266/282/247
f 81/82/389 595/626/408 1571/1711/1310 584/614/1302
f 595/626/408 77/78/407 580/610/1311 1571/1711/1310
f 1571/1711/1310 580/610/1311 268/284/183 974/1043/262
f 584/614/1302 1571/1711/1310 974/1043/262 272/288/261
f 80/81/393 596/627/410 1572/1712/1312 583/613/1304
f 596/627/410 76/77/374 958/1026/1293 1572/1712/1312
f 1572/1712/1312 958/1026/1293 267/283/256 975/1044/253
f 583/613/1304 1572/1712/1312 975/1044/253 271/287/252
f 79/80/397 597/628/412 1573/1713/1313 582/612/1306
f 597/628/412 75/76/404 957/1025/1308 1573/1713/1313
f 1573/1713/1313 957/1025/1308 266/282/247 976/1045/244
f 582/612/1306 1573/1713/1313 976/1045/244 270/286/243
f 78/79/402 598/629/414 1574/1714/1314 581/611/1309
f 598/629/414 74/75/380 956/1024/1296 1574/1714/1314
f 1574/1714/1314 956/1024/1296 265/281/238 977/1046/235
f 581/611/1309 1574/1714/1314 977/1046/235 269/285/234
f 77/78/407 599/630/416 1575/1715/1315 580/610/1311
f 599/630/416 73/74/386 955/1023/1299 1575/1715/1315
f 1575/1715/1315 955/1023/1299 264/280/187 978/1047/184
f 580/610/1311 1575/1715/1315 978/1047/184 268/284/183
f 914/971/1167 1535/1658/1179 1797/2003/1193 1773/1967/1181
f 912/969/1163 1533/1656/1165 1795/2000/1182 1771/1964/1316
f 1756/1941/110 1579/1719/110 1578/1718/110 1778/1974/110
f 1532/1655/1161 912/969/1163 1771/1964/1316 1793/1997/1317
f 1538/1662/1169 894/942/1192 1754/1939/1318 1799/2007/1170
f 911/968/1159 1532/1655/1161 1793/1997/1317 1769/1961/1319
f 1539/1663/1195 913/970/1175 1755/1940/1320 1777/1973/1321
f 1531/1654/1157 911/968/1159 1769/1961/1319 1791/1994/1322
f 913/970/1175 1534/1657/1174 1779/1976/1323 1755/1940/1320
f 910/967/1155 1531/1654/1157 1791/1994/1322 1767/1958/1324
f 1534/1657/1174 916/973/1177 1757/1943/1325 1779/1976/1323
f 1530/1653/1153 910/967/1155 1767/1958/1324 1789/1991/1326
f 916/973/1177 1536/1659/1184 1781/1979/1189 1757/1943/1325
f 909/966/1149 1530/1653/1153 1789/1991/1326 1765/1955/1327
f 1762/1950/110 1786/1986/110 1584/1724/110 1784/1983/110
f 1529/1652/1147 909/966/1149 1765/1955/1327 1787/1988/1328
f 1760/1947/110 1583/1723/110 1582/1722/110 1782/1980/110
f 908/965/109 1529/1652/1147 1787/1988/1328 1763/1952/1150
f 907/964/107 1328/1439/106 1785/1985/1151 1761/1949/112
f 50/51/841 979/1048/844 1585/1725/1329 1007/1082/1330
f 979/1048/844 49/50/846 1008/1084/1331 1585/1725/1329
f 1585/1726/1329 1008/1085/1331 276/292/1332 528/556/1333
f 1007/1083/1330 1585/1726/1329 528/556/1333 277/293/1334
f 49/50/846 980/1049/857 1586/1727/1335 1008/1084/1331
f 980/1049/857 51/52/862 1009/1086/1336 1586/1727/1335
f 1586/1728/1335 1009/1087/1336 278/294/1337 529/557/1338
f 1008/1085/1331 1586/1728/1335 529/557/1338 276/292/1332
f 51/52/862 981/1050/878 1587/1729/1339 1009/1086/1336
f 981/1050/878 52/53/881 1010/1088/1340 1587/1729/1339
f 1587/1730/1339 1010/1089/1340 279/295/1341 530/558/1342
f 1009/1087/1336 1587/1730/1339 530/558/1342 278/294/1337
f 52/53/881 982/1051/880 1588/1731/1343 1010/1088/1340
f 982/1051/880 53/54/879 1011/1090/1344 1588/1731/1343
f 1588/1732/1343 1011/1091/1344 280/296/1345 531/559/1346
f 1010/1089/1340 1588/1732/1343 531/559/1346 279/295/1341
f 53/54/879 983/1052/887 1589/1733/1347 1011/1090/1344
f 983/1052/887 54/55/886 1012/1092/1348 1589/1733/1347
f 1589/1734/1347 1012/1093/1348 281/297/1349 532/560/1350
f 1011/1091/1344 1589/1734/1347 532/560/1350 280/296/1345
f 54/55/886 984/1053/890 1590/1735/1351 1012/1092/1348
f 984/1053/890 55/56/889 1013/1094/1352 1590/1735/1351
f 1590/1736/1351 1013/1095/1352 282/298/1353 533/561/1354
f 1012/1093/1348 1590/1736/1351 533/561/1354 281/297/1349
f 55/56/889 985/1054/888 1591/1737/1355 1013/1094/1352
f 985/1054/888 56/57/873 1014/1096/1356 1591/1737/1355
f 1591/1738/1355 1014/1097/1356 283/299/1357 534/562/1358
f 1013/1095/1352 1591/1738/1355 534/562/1358 282/298/1353
f 56/57/873 986/1055/872 1592/1739/1359 1014/1096/1356
f 986/1055/872 57/58/856 1015/1098/1360 1592/1739/1359
f 1592/1740/1359 1015/1099/1360 284/300/1361 535/563/1362
f 1014/1097/1356 1592/1740/1359 535/563/1362 283/299/1357
f 57/58/856 987/1056/855 1593/1741/1363 1015/1098/1360
f 987/1056/855 58/59/854 1016/1100/1364 1593/1741/1363
f 1593/1742/1363 1016/1101/1364 285/301/1365 536/564/1366
f 1015/1099/1360 1593/1742/1363 536/564/1366 284/300/1361
f 58/59/854 988/1057/853 1594/1743/1367 1016/1100/1364
f 988/1057/853 59/60/848 1017/1102/1368 1594/1743/1367
f 1594/1744/1367 1017/1103/1368 286/302/1369 537/565/1370
f 1016/1101/1364 1594/1744/1367 537/565/1370 285/301/1365
f 59/60/848 989/1058/847 1595/1745/1371 1017/1102/1368
f 989/1058/847 60/61/845 1018/1104/1372 1595/1745/1371
f 1595/1746/1371 1018/1105/1372 287/303/1373 538/566/1374
f 1017/1103/1368 1595/1746/1371 538/566/1374 286/302/1369
f 60/61/845 990/1059/842 1596/1747/1375 1018/1104/1372
f 990/1059/842 50/51/841 1007/1082/1330 1596/1747/1375
f 1596/1748/1375 1007/1083/1330 277/293/1334 539/567/1376
f 1018/1105/1372 1596/1749/1375 539/568/1376 287/303/1373
f 289/306/1377 991/1061/852 1597/1750/1378 1019/1106/1377
f 991/1061/852 191/207/851 1020/1107/1379 1597/1750/1378
f 1597/1750/1380 1020/1107/1381 288/304/891 785/832/934
f 1019/1106/1382 1597/1750/1380 785/832/934 182/196/933
f 183/198/1383 992/1062/861 1598/1751/1384 1021/1108/1383
f 992/1062/861 192/208/860 1022/1109/1385 1598/1751/1384
f 1598/1751/1386 1022/1109/1387 290/307/904 787/834/901
f 1021/1108/1388 1598/1751/1386 787/834/901 291/308/900
f 193/209/874 993/1064/875 1599/1752/1389 1023/1110/1390
f 993/1064/875 185/201/1391 1024/1111/1391 1599/1752/1389
f 1599/1752/1392 1024/1111/1393 293/310/909 789/837/969
f 1023/1110/1394 1599/1752/1392 789/837/969 292/309/964
f 194/210/882 994/1066/883 1600/1753/1395 1025/1112/1396
f 994/1066/883 183/198/1383 1021/1108/1383 1600/1753/1395
f 1600/1753/1397 1021/1108/1388 291/308/900 790/838/954
f 1025/1112/1398 1600/1753/1397 790/838/954 294/311/949
f 186/202/1399 995/1067/1400 1601/1754/1401 1026/1113/1402
f 995/1067/1403 195/211/1403 1027/1114/1403 1601/1754/1403
f 1601/1754/1401 1027/1114/1404 295/312/920 794/842/918
f 1026/1113/1402 1601/1754/1401 794/842/918 296/313/895
f 187/203/1405 996/1068/1406 1602/1755/1407 1028/1115/1408
f 996/1068/1409 196/212/1409 1029/1116/1409 1602/1755/1409
f 1602/1755/1407 1029/1116/1410 297/314/867 795/843/864
f 1028/1115/1408 1602/1755/1407 795/843/864 298/315/863
f 197/213/1411 997/1069/1411 1603/1756/1411 1030/1117/1411
f 997/1069/1412 188/204/1413 1031/1118/1414 1603/1756/1415
f 1603/1756/1415 1031/1118/1414 300/317/960 796/844/972
f 1030/1117/1416 1603/1756/1415 796/844/972 299/316/928
f 198/214/1417 998/1070/1417 1604/1757/1417 1032/1119/1417
f 998/1070/1418 189/205/1419 1033/1120/1420 1604/1757/1421
f 1604/1757/1421 1033/1120/1420 302/319/945 797/845/957
f 1032/1119/1422 1604/1757/1421 797/845/957 301/318/913
f 191/207/1423 999/1071/1423 1605/1758/1423 1020/1107/1423
f 999/1071/1424 186/202/1399 1026/1113/1402 1605/1758/1425
f 1605/1758/1425 1026/1113/1402 296/313/895 802/850/892
f 1020/1107/1381 1605/1758/1425 802/850/892 288/304/891
f 192/208/1426 1000/1072/1426 1606/1759/1426 1022/1109/1426
f 1000/1072/1427 187/203/1405 1028/1115/1408 1606/1759/1428
f 1606/1759/1428 1028/1115/1408 298/315/863 803/851/975
f 1022/1109/1387 1606/1759/1428 803/851/975 290/307/904
f 188/204/1413 1001/1073/1429 1607/1760/1430 1031/1118/1414
f 1001/1073/1431 193/209/1431 1023/1110/1431 1607/1760/1431
f 1607/1760/1430 1023/1110/1394 292/309/964 804/852/961
f 1031/1118/1414 1607/1760/1430 804/852/961 300/317/960
f 189/205/1419 1002/1074/1432 1608/1761/1433 1033/1120/1420
f 1002/1074/1434 194/210/1434 1025/1112/1434 1608/1761/1434
f 1608/1761/1433 1025/1112/1398 294/311/949 805/853/946
f 1033/1120/1420 1608/1761/1433 805/853/946 302/319/945
f 195/211/849 1003/1075/850 1609/1762/1435 1027/1114/1436
f 1003/1075/850 303/321/1437 1034/1121/1437 1609/1762/1435
f 1609/1762/1438 1034/1121/1439 184/199/924 806/854/942
f 1027/1114/1404 1609/1762/1438 806/854/942 295/312/920
f 196/212/858 1004/1077/859 1610/1763/1440 1029/1116/1441
f 1004/1077/859 289/306/1377 1019/1106/1377 1610/1763/1440
f 1610/1763/1442 1019/1106/1382 182/196/933 807/855/939
f 1029/1116/1410 1610/1763/1442 807/855/939 297/314/867
f 303/321/1437 1005/1079/877 1611/1764/1443 1034/1121/1437
f 1005/1079/877 197/213/876 1030/1117/1444 1611/1764/1443
f 1611/1764/1445 1030/1117/1416 299/316/928 808/856/925
f 1034/1121/1439 1611/1764/1445 808/856/925 184/199/924
f 185/201/1391 1006/1081/885 1612/1765/1446 1024/1111/1391
f 1006/1081/885 198/214/884 1032/1119/1447 1612/1765/1446
f 1612/1765/1448 1032/1119/1422 301/318/913 809/857/910
f 1024/1111/1393 1612/1765/1448 809/857/910 293/310/909
f 162/175/759 1035/1122/758 1613/1766/1449 1051/1138/1450
f 1035/1122/758 163/176/757 1052/1139/1451 1613/1766/1449
f 1613/1766/1449 1052/1139/1451 305/323/1452 670/709/1453
f 1051/1138/1450 1613/1766/1449 670/709/1453 304/322/1454
f 161/174/770 1036/1123/787 1614/1767/1455 1053/1140/1456
f 1036/1123/787 160/173/786 1054/1141/1457 1614/1767/1455
f 1614/1767/1455 1054/1141/1457 306/324/1458 671/710/1459
f 1053/1140/1456 1614/1767/1455 671/710/1459 307/325/1460
f 159/172/781 1037/1124/793 1615/1768/1461 1055/1142/1462
f 1037/1124/793 158/171/789 1056/1143/1463 1615/1768/1461
f 1615/1768/1461 1056/1143/1463 308/326/693 672/711/692
f 1055/1142/1462 1615/1768/1461 672/711/692 309/327/687
f 134/147/746 1038/1125/797 1616/1769/1464 1057/1144/1465
f 1038/1125/797 125/133/768 1058/1145/1466 1616/1769/1464
f 1616/1769/1464 1058/1145/1466 311/329/698 673/712/711
f 1057/1144/1465 1616/1769/1464 673/712/711 310/328/1467
f 136/149/750 1039/1126/749 1617/1770/1468 1059/1146/1469
f 1039/1126/749 135/148/748 1060/1147/1470 1617/1770/1468
f 1617/1770/1468 1060/1147/1470 313/331/1471 682/727/1472
f 1059/1146/1469 1617/1770/1468 682/727/1472 312/330/1473
f 140/153/775 1040/1127/773 1618/1771/1474 1061/1148/1475
f 1040/1127/773 137/150/772 1062/1149/1476 1618/1771/1474
f 1618/1771/1474 1062/1149/1476 314/332/1477 683/728/1478
f 1061/1148/1475 1618/1771/1474 683/728/1478 315/333/1479
f 138/151/782 1041/1128/785 1619/1772/1480 1063/1150/1481
f 1041/1128/785 139/152/777 1064/1151/1482 1619/1772/1480
f 1619/1772/1480 1064/1151/1482 316/334/685 684/729/738
f 1063/1150/1481 1619/1772/1480 684/729/738 317/335/717
f 141/154/766 1042/1129/776 1620/1773/1483 1065/1152/1484
f 1042/1129/776 140/153/775 1061/1148/1475 1620/1773/1483
f 1620/1773/1483 1061/1148/1475 315/333/1479 685/730/1485
f 1065/1152/1484 1620/1773/1483 685/730/1485 318/336/1486
f 125/133/768 1043/1130/767 1621/1774/1487 1058/1145/1466
f 1043/1130/767 141/154/766 1065/1152/1484 1621/1774/1487
f 1621/1774/1487 1065/1152/1484 318/336/1486 738/783/699
f 1058/1145/1466 1621/1774/1487 738/783/699 311/329/698
f 139/152/777 1044/1131/780 1622/1775/1488 1064/1151/1482
f 1044/1131/780 159/172/781 1055/1142/1462 1622/1775/1488
f 1622/1775/1488 1055/1142/1462 309/327/687 739/784/686
f 1064/1151/1482 1622/1775/1488 739/784/686 316/334/685
f 137/150/772 1045/1132/771 1623/1776/1489 1062/1149/1476
f 1045/1132/771 161/174/770 1053/1140/1456 1623/1776/1489
f 1623/1776/1489 1053/1140/1456 307/325/1460 740/785/1490
f 1062/1149/1476 1623/1776/1489 740/785/1490 314/332/1477
f 163/176/757 1046/1133/795 1624/1777/1491 1052/1139/1451
f 1046/1133/795 136/149/750 1059/1146/1469 1624/1777/1491
f 1624/1777/1491 1059/1146/1469 312/330/1473 741/786/1492
f 1052/1139/1451 1624/1777/1491 741/786/1492 305/323/1452
f 135/148/748 1047/1134/747 1625/1778/1493 1060/1147/1470
f 1047/1134/747 134/147/746 1057/1144/1465 1625/1778/1493
f 1625/1778/1493 1057/1144/1465 310/328/1467 742/787/1494
f 1060/1147/1470 1625/1778/1493 742/787/1494 313/331/1471
f 158/171/789 1048/1135/790 1626/1779/1495 1056/1143/1463
f 1048/1135/790 169/182/792 1066/1153/1496 1626/1779/1495
f 1626/1779/1495 1066/1153/1496 319/337/704 743/788/729
f 1056/1143/1463 1626/1779/1495 743/788/729 308/326/693
f 160/173/786 1049/1136/783 1627/1780/1497 1054/1141/1457
f 1049/1136/783 138/151/782 1063/1150/1481 1627/1780/1497
f 1627/1780/1497 1063/1150/1481 317/335/717 744/789/716
f 1054/1141/1457 1627/1780/1497 744/789/716 306/324/1458
f 169/182/792 1050/1137/791 1628/1781/1498 1066/1153/1496
f 1050/1137/791 162/175/759 1051/1138/1450 1628/1781/1498
f 1628/1781/1498 1051/1138/1450 304/322/1454 745/790/705
f 1066/1153/1496 1628/1781/1498 745/790/705 319/337/704
f 147/160/595 713/758/594 1629/1782/1499 732/777/1500
f 713/758/594 156/169/593 1082/1169/1501 1629/1782/1499
f 1629/1782/1499 1082/1169/1501 335/353/1502 1083/1170/1503
f 732/777/1500 1629/1782/1499 1083/1170/1503 334/352/1504
f 144/157/602 703/748/601 1630/1783/1505 730/775/1506
f 703/748/601 145/158/600 1080/1167/1507 1630/1783/1505
f 1630/1783/1505 1080/1167/1507 333/351/1508 1084/1171/1509
f 730/775/1506 1630/1783/1505 1084/1171/1509 332/350/1510
f 149/162/577 714/759/576 1631/1784/1511 728/773/1512
f 714/759/576 148/161/575 1078/1165/1513 1631/1784/1511
f 1631/1784/1511 1078/1165/1513 331/349/1514 1085/1172/1515
f 728/773/1512 1631/1784/1511 1085/1172/1515 330/348/1516
f 146/159/586 704/749/585 1632/1785/1517 726/771/1518
f 704/749/585 143/156/584 1076/1163/1519 1632/1785/1517
f 1632/1785/1517 1076/1163/1519 329/347/1520 1086/1173/1521
f 726/771/1518 1632/1785/1517 1086/1173/1521 328/346/1522
f 157/170/449 715/760/448 1633/1786/1523 724/769/1524
f 715/760/448 151/164/447 1074/1161/1525 1633/1786/1523
f 1633/1786/1523 1074/1161/1525 327/345/1526 1087/1174/1527
f 724/769/1524 1633/1786/1523 1087/1174/1527 326/344/1528
f 148/161/575 705/750/642 1634/1787/1529 1078/1165/1513
f 705/750/642 147/160/595 732/777/1500 1634/1787/1529
f 1634/1787/1529 732/777/1500 334/352/1504 1088/1175/1530
f 1078/1165/1513 1634/1787/1529 1088/1175/1530 331/349/1514
f 145/158/600 716/761/645 1635/1788/1531 1080/1167/1507
f 716/761/645 153/166/624 1072/1159/1532 1635/1788/1531
f 1635/1788/1531 1072/1159/1532 325/343/1533 1089/1176/1534
f 1080/1167/1507 1635/1788/1531 1089/1176/1534 333/351/1508
f 150/163/633 706/751/639 1636/1789/1535 722/767/1536
f 706/751/639 149/162/577 728/773/1512 1636/1789/1535
f 1636/1789/1535 728/773/1512 330/348/1516 1090/1177/1537
f 722/767/1536 1636/1789/1535 1090/1177/1537 324/342/1538
f 155/168/607 717/762/637 1637/1790/1539 721/766/1540
f 717/762/637 157/170/449 724/769/1524 1637/1790/1539
f 1637/1790/1539 724/769/1524 326/344/1528 1091/1178/1541
f 721/766/1540 1637/1790/1539 1091/1178/1541 323/341/1542
f 142/155/617 710/755/634 1638/1791/1543 720/765/1544
f 710/755/634 150/163/633 722/767/1536 1638/1791/1543
f 1638/1791/1543 722/767/1536 324/342/1538 1092/1179/1545
f 720/765/1544 1638/1791/1543 1092/1179/1545 322/340/1546
f 151/164/447 707/752/630 1639/1792/1547 1074/1161/1525
f 707/752/630 152/165/628 1068/1155/1548 1639/1792/1547
f 1639/1792/1547 1068/1155/1548 321/339/1549 1093/1180/1550
f 1074/1161/1525 1639/1792/1547 1093/1180/1550 327/345/1526
f 152/165/628 711/756/627 1640/1793/1551 1068/1155/1548
f 711/756/627 144/157/602 730/775/1506 1640/1793/1551
f 1640/1793/1551 730/775/1506 332/350/1510 1094/1181/1552
f 1068/1155/1548 1640/1793/1551 1094/1181/1552 321/339/1549
f 153/166/624 708/753/623 1641/1794/1553 1072/1159/1532
f 708/753/623 154/167/614 1067/1154/1554 1641/1794/1553
f 1641/1794/1553 1067/1154/1554 320/338/1555 1095/1182/1556
f 1072/1159/1532 1641/1794/1553 1095/1182/1556 325/343/1533
f 154/167/614 712/757/613 1642/1795/1557 1067/1154/1554
f 712/757/613 146/159/586 726/771/1518 1642/1795/1557
f 1642/1795/1557 726/771/1518 328/346/1522 1096/1183/1558
f 1067/1154/1554 1642/1795/1557 1096/1183/1558 320/338/1555
f 156/169/593 709/754/608 1643/1796/1559 1082/1169/1501
f 709/754/608 155/168/607 721/766/1540 1643/1796/1559
f 1643/1796/1559 721/766/1540 323/341/1542 1097/1184/1560
f 1082/1169/1501 1643/1796/1559 1097/1184/1560 335/353/1502
f 143/156/584 702/747/618 1644/1797/1561 1076/1163/1519
f 702/747/618 142/155/617 720/765/1544 1644/1797/1561
f 1644/1797/1561 720/765/1544 322/340/1546 1098/1185/1562
f 1076/1163/1519 1644/1797/1561 1098/1185/1562 329/347/1520
f 334/352/1504 1083/1170/1503 1645/1798/1563 1081/1168/1564
f 1083/1170/1503 335/353/1502 1106/1193/1565 1645/1798/1563
f 1645/1798/1563 1106/1193/1565 343/361/655 1115/1202/739
f 1081/1168/1564 1645/1798/1563 1115/1202/739 351/369/722
f 332/350/1510 1084/1171/1509 1646/1799/1566 1079/1166/1567
f 1084/1171/1509 333/351/1508 1105/1192/1568 1646/1799/1566
f 1646/1799/1566 1105/1192/1568 342/360/712 1116/1203/736
f 1079/1166/1567 1646/1799/1566 1116/1203/736 350/368/683
f 330/348/1516 1085/1172/1515 1647/1800/1569 1077/1164/1570
f 1085/1172/1515 331/349/1514 1104/1191/1571 1647/1800/1569
f 1647/1800/1569 1104/1191/1571 341/359/718 1117/1204/733
f 1077/1164/1570 1647/1800/1569 1117/1204/733 349/367/708
f 328/346/1522 1086/1173/1521 1648/1801/1572 1075/1162/1573
f 1086/1173/1521 329/347/1520 1103/1190/1574 1648/1801/1572
f 1648/1801/1572 1103/1190/1574 340/358/646 1118/1205/730
f 1075/1162/1573 1648/1801/1572 1118/1205/730 348/366/668
f 326/344/1528 1087/1174/1527 1649/1802/1575 1073/1160/1576
f 1087/1174/1527 327/345/1526 1102/1189/1577 1649/1802/1575
f 1649/1802/1575 1102/1189/1577 339/357/688 1119/1206/727
f 1073/1160/1576 1649/1802/1575 1119/1206/727 347/365/702
f 331/349/1514 1088/1175/1530 1650/1803/1578 1104/1191/1571
f 1088/1175/1530 334/352/1504 1081/1168/1564 1650/1803/1578
f 1650/1803/1578 1081/1168/1564 351/369/722 1120/1207/719
f 1104/1191/1571 1650/1803/1578 1120/1207/719 341/359/718
f 333/351/1508 1089/1176/1534 1651/1804/1579 1105/1192/1568
f 1089/1176/1534 325/343/1533 1101/1188/1580 1651/1804/1579
f 1651/1804/1579 1101/1188/1580 338/356/673 1121/1208/713
f 1105/1192/1568 1651/1804/1579 1121/1208/713 342/360/712
f 324/342/1538 1090/1177/1537 1652/1805/1581 1071/1158/1582
f 1090/1177/1537 330/348/1516 1077/1164/1570 1652/1805/1581
f 1652/1805/1581 1077/1164/1570 349/367/708 1122/1209/706
f 1071/1158/1582 1652/1805/1581 1122/1209/706 346/364/696
f 323/341/1542 1091/1178/1541 1653/1806/1583 1070/1157/1584
f 1091/1178/1541 326/344/1528 1073/1160/1576 1653/1806/1583
f 1653/1806/1583 1073/1160/1576 347/365/702 1123/1210/700
f 1070/1157/1584 1653/1806/1583 1123/1210/700 345/363/659
f 322/340/1546 1092/1179/1545 1654/1807/1585 1069/1156/1586
f 1092/1179/1545 324/342/1538 1071/1158/1582 1654/1807/1585
f 1654/1807/1585 1071/1158/1582 346/364/696 1124/1211/694
f 1069/1156/1586 1654/1807/1585 1124/1211/694 344/362/650
f 327/345/1526 1093/1180/1550 1655/1808/1587 1102/1189/1577
f 1093/1180/1550 321/339/1549 1100/1187/1588 1655/1808/1587
f 1655/1808/1587 1100/1187/1588 337/355/679 1125/1212/689
f 1102/1189/1577 1655/1808/1587 1125/1212/689 339/357/688
f 321/339/1549 1094/1181/1552 1656/1809/1589 1100/1187/1588
f 1094/1181/1552 332/350/1510 1079/1166/1567 1656/1809/1589
f 1656/1809/1589 1079/1166/1567 350/368/683 1126/1213/680
f 1100/1187/1588 1656/1809/1589 1126/1213/680 337/355/679
f 325/343/1533 1095/1182/1556 1657/1810/1590 1101/1188/1580
f 1095/1182/1556 320/338/1555 1099/1186/1591 1657/1810/1590
f 1657/1810/1590 1099/1186/1591 336/354/664 1127/1214/674
f 1101/1188/1580 1657/1810/1590 1127/1214/674 338/356/673
f 320/338/1555 1096/1183/1558 1658/1811/1592 1099/1186/1591
f 1096/1183/1558 328/346/1522 1075/1162/1573 1658/1811/1592
f 1658/1811/1592 1075/1162/1573 348/366/668 1128/1215/665
f 1099/1186/1591 1658/1811/1592 1128/1215/665 336/354/664
f 335/353/1502 1097/1184/1560 1659/1812/1593 1106/1193/1565
f 1097/1184/1560 323/341/1542 1070/1157/1584 1659/1812/1593
f 1659/1812/1593 1070/1157/1584 345/363/659 1129/1216/656
f 1106/1193/1565 1659/1812/1593 1129/1216/656 343/361/655
f 329/347/1520 1098/1185/1562 1660/1813/1594 1103/1190/1574
f 1098/1185/1562 322/340/1546 1069/1156/1586 1660/1813/1594
f 1660/1813/1594 1069/1156/1586 344/362/650 1130/1217/647
f 1103/1190/1574 1660/1813/1594 1130/1217/647 340/358/646
f 357/376/524 1139/1227/827 1661/1814/1595 1136/1224/525
f 1139/1227/827 356/375/824 1135/1223/1596 1661/1814/1595
f 1661/1814/1597 1135/1223/1598 129/139/1599 629/665/1600
f 1136/1224/528 1661/1814/1597 629/665/1600 99/103/526
f 357/376/524 1140/1228/522 1662/1815/1601 773/819/828
f 1140/1228/522 352/370/458 771/817/1602 1662/1815/1601
f 1662/1815/1601 771/817/1602 179/193/817 776/822/814
f 773/819/828 1662/1815/1601 776/822/814 181/195/813
f 352/370/458 1141/1229/456 1663/1816/1603 771/817/1602
f 1141/1229/456 354/372/455 767/812/1604 1663/1816/1603
f 1663/1816/1603 767/812/1604 175/188/1605 778/824/1606
f 771/817/1602 1663/1816/1603 778/824/1606 179/193/817
f 353/371/546 1142/1230/545 1664/1817/1607 1132/1219/1608
f 1142/1230/545 359/378/496 1138/1226/499 1664/1817/1607
f 1664/1817/1609 1138/1226/494 100/105/493 681/726/1610
f 1132/1219/1611 1664/1817/1609 681/726/1610 133/146/1612
f 358/377/500 1143/1231/497 1665/1818/1613 766/811/1614
f 1143/1231/497 359/378/496 772/818/544 1665/1818/1613
f 1665/1818/1613 772/818/544 180/194/543 780/826/831
f 766/811/1614 1665/1818/1613 780/826/831 174/187/802
f 356/375/824 1144/1232/823 1666/1819/1615 1135/1223/1596
f 353/371/546 1132/1219/1608 1666/1819/1615 1144/1232/823
f 133/146/1612 669/708/1616 1666/1819/1616 1132/1219/1611
f 124/132/1617 677/718/1617 1666/1819/1617 669/708/1617
f 129/139/1599 1135/1223/1598 1666/1819/1618 677/718/1618
f 355/373/517 1145/1233/515 1667/1820/1619 770/815/1620
f 1145/1233/515 358/377/500 766/811/1614 1667/1820/1619
f 1667/1820/1619 766/811/1614 174/187/802 774/820/799
f 770/815/1620 1667/1820/1619 774/820/799 178/191/798
f 354/372/455 1146/1234/837 1668/1821/1621 767/812/1604
f 1146/1234/837 355/374/517 770/816/1620 1668/1821/1621
f 1668/1821/1621 770/816/1620 178/192/798 781/827/1622
f 767/812/1604 1668/1821/1621 781/827/1622 175/188/1605
f 367/387/492 1155/1244/812 1669/1822/1623 1154/1243/485
f 1155/1244/812 360/379/811 1147/1235/1624 1669/1822/1623
f 1669/1822/1623 1147/1235/1624 101/106/478 638/675/475
f 1154/1243/485 1669/1822/1623 638/675/475 104/110/474
f 367/387/492 1156/1245/491 1670/1823/1625 768/813/808
f 1156/1245/491 361/380/490 1148/1236/833 1670/1823/1625
f 1670/1823/1625 1148/1236/833 180/194/543 777/823/540
f 768/813/808 1670/1823/1625 777/823/540 176/189/539
f 360/379/811 1157/1246/830 1671/1824/1626 1147/1235/1624
f 366/386/820 649/686/1627 1671/1824/1626 1157/1246/830
f 112/118/563 648/685/566 1671/1824/1626 649/686/1627
f 105/111/558 634/671/561 1671/1824/1626 648/685/566
f 101/106/478 1147/1235/1624 1671/1824/1626 634/671/561
f 366/386/820 1158/1247/819 1672/1825/1628 649/686/1627
f 1158/1247/819 363/383/467 647/684/466 1672/1825/1628
f 1672/1825/1628 647/684/466 111/117/465 646/683/569
f 649/686/1627 1672/1825/1628 646/683/569 112/118/563
f 365/385/469 1159/1248/468 1673/1826/1629 1152/1241/1630
f 1159/1248/468 363/383/467 1150/1239/818 1673/1826/1629
f 1673/1826/1629 1150/1239/818 179/193/817 778/824/1606
f 1152/1241/1630 1673/1826/1629 778/824/1606 175/188/1605
f 364/384/804 1160/1249/834 1674/1827/1631 645/682/1632
f 1160/1249/834 361/380/490 643/680/489 1674/1827/1631
f 1674/1827/1631 643/680/489 109/115/488 642/679/555
f 645/682/1632 1674/1827/1631 642/679/555 110/116/554
f 362/381/473 1161/1250/472 1675/1828/1633 1149/1238/801
f 1161/1250/472 365/385/469 1152/1241/1630 1675/1828/1633
f 1675/1828/1633 1152/1241/1630 175/188/1605 781/827/1622
f 1149/1238/801 1675/1828/1633 781/827/1622 178/192/798
f 362/382/473 1162/1251/805 1676/1829/1634 632/669/471
f 364/384/804 645/682/1632 1676/1829/1634 1162/1251/805
f 110/116/554 644/681/557 1676/1829/1634 645/682/1632
f 107/113/53 639/676/52 1676/1829/1634 644/681/557
f 103/109/47 632/669/471 1676/1829/1634 639/676/52
f 3/3/9 448/468/11 1677/1830/1635 1229/1331/1636
f 448/468/11 5/5/15 1228/1329/1637 1677/1830/1635
f 1677/1831/1638 1228/1330/1639 382/402/1639 1188/1282/1638
f 1229/1332/1640 1677/1831/1638 1188/1282/1638 381/401/1641
f 371/391/1230 1177/1270/1235 1678/1832/1642 1227/1327/1643
f 1177/1270/1235 370/390/1234 1226/1325/1644 1678/1832/1642
f 1678/1833/1645 1226/1326/1646 394/414/1646 1213/1308/1645
f 1227/1328/1647 1678/1833/1645 1213/1308/1645 395/415/1647
f 368/388/1210 1184/1277/1207 1679/1834/1648 898/949/1649
f 1184/1277/1207 379/399/1206 896/945/1650 1679/1834/1648
f 1679/1835/1651 896/946/1652 403/423/1652 1220/1315/1651
f 898/950/1653 1679/1835/1651 1220/1315/1651 392/412/1653
f 370/390/1234 1176/1269/1239 1680/1836/1654 1226/1325/1644
f 1176/1269/1239 369/389/1238 897/947/1655 1680/1836/1654
f 1680/1837/1656 897/948/1657 393/413/1657 1212/1307/1656
f 1226/1326/1646 1680/1837/1656 1212/1307/1656 394/414/1646
f 17/18/73 469/490/75 1681/1838/1658 1225/1323/1659
f 469/490/75 19/20/79 1224/1321/1660 1681/1838/1658
f 1681/1839/1661 1224/1322/1662 389/409/1662 1195/1289/1663
f 1225/1324/1664 1681/1839/1661 1195/1289/1663 388/408/1665
f 7/7/21 454/474/23 1682/1840/1666 1223/1319/1667
f 454/474/23 9/9/35 895/943/1668 1682/1840/1666
f 1682/1841/1669 895/944/1670 384/404/1671 1190/1284/1672
f 1223/1320/1673 1682/1841/1669 1190/1284/1672 383/403/1674
f 379/399/1206 1183/1276/1213 1683/1842/1675 896/945/1650
f 1183/1276/1213 376/396/1212 1173/1264/1676 1683/1842/1675
f 1683/1843/1677 1173/1265/1678 400/420/1679 1219/1314/1677
f 896/946/1652 1683/1843/1677 1219/1314/1677 403/423/1652
f 369/389/1238 1175/1268/1242 1684/1844/1680 897/947/1655
f 1175/1268/1242 368/388/1210 898/949/1649 1684/1844/1680
f 1684/1845/1681 898/950/1653 392/412/1653 1211/1306/1681
f 897/948/1657 1684/1845/1681 1211/1306/1681 393/413/1657
f 378/398/1202 1182/1275/1217 1685/1846/1682 899/951/1683
f 1182/1275/1217 375/395/1216 900/953/1684 1685/1846/1682
f 1685/1847/1685 900/954/1686 399/419/1687 1218/1313/1685
f 899/952/1688 1685/1847/1685 1218/1313/1685 402/422/1688
f 21/22/85 475/496/96 1686/1848/1689 901/955/1690
f 475/496/96 23/24/100 902/957/1691 1686/1848/1689
f 1686/1849/1692 902/958/1693 391/411/1694 1197/1291/1692
f 901/956/1695 1686/1849/1692 1197/1291/1692 390/410/1696
f 11/11/43 460/480/45 1687/1850/1697 904/960/1698
f 460/480/45 13/13/49 1172/1261/1699 1687/1850/1697
f 1687/1851/1700 1172/1263/1701 386/406/1702 1192/1286/1703
f 904/961/1704 1687/1851/1700 1192/1286/1703 385/405/1704
f 376/396/1212 1181/1274/1220 1688/1852/1705 1173/1264/1676
f 1181/1274/1220 374/394/1200 1174/1266/1706 1688/1852/1705
f 1688/1853/1707 1174/1267/1708 398/418/1708 1217/1312/1709
f 1173/1265/1678 1688/1853/1707 1217/1312/1709 400/420/1679
f 395/415/1710 1213/1308/1711 1689/1854/1712 1274/1384/1713
f 1213/1308/1711 394/414/1714 1271/1381/1715 1689/1854/1712
f 1689/1854/1712 1271/1381/1715 418/438/1716 1261/1370/1717
f 1274/1384/1713 1689/1854/1712 1261/1370/1717 419/439/1718
f 391/411/1719 1198/1293/1720 1690/1856/1721 1199/1294/1722
f 1198/1292/1720 380/400/1723 1273/1383/1724 1690/1855/1721
f 1690/1855/1721 1273/1383/1724 404/424/1725 1246/1355/1726
f 1199/1294/1722 1690/1856/1721 1246/1354/1726 415/435/1727
f 392/412/1728 1220/1315/1729 1691/1857/1730 1204/1299/1731
f 1220/1315/1729 403/423/1732 1200/1295/1733 1691/1857/1730
f 1691/1857/1730 1200/1295/1733 427/447/1734 1268/1377/1735
f 1204/1299/1731 1691/1857/1730 1268/1377/1735 416/436/1736
f 383/403/1737 1190/1284/1738 1692/1858/1739 1202/1297/1740
f 1190/1284/1738 384/404/1741 1272/1382/1742 1692/1858/1739
f 1692/1858/1739 1272/1382/1742 408/428/1743 1238/1346/1744
f 1202/1297/1740 1692/1858/1739 1238/1346/1744 407/427/1745
f 394/414/1714 1212/1307/1746 1693/1859/1747 1271/1381/1715
f 1212/1307/1746 393/413/1748 1203/1298/1749 1693/1859/1747
f 1693/1859/1747 1203/1298/1749 417/437/1750 1260/1369/1751
f 1271/1381/1715 1693/1859/1747 1260/1369/1751 418/438/1716
f 390/410/1752 1197/1291/1753 1694/1860/1754 1206/1301/1755
f 1197/1291/1753 391/411/1719 1199/1294/1722 1694/1860/1754
f 1694/1860/1754 1199/1294/1722 415/435/1727 1245/1353/1756
f 1206/1301/1755 1694/1860/1754 1245/1353/1756 414/434/1757
f 403/423/1732 1219/1314/1758 1695/1861/1759 1200/1295/1733
f 1219/1314/1758 400/420/1760 1201/1296/1761 1695/1861/1759
f 1695/1861/1759 1201/1296/1761 424/444/1762 1267/1376/1763
f 1200/1295/1733 1695/1861/1759 1267/1376/1763 427/447/1734
f 382/402/1764 1189/1283/1765 1696/1862/1766 1210/1305/1767
f 1189/1283/1765 383/403/1737 1202/1297/1740 1696/1862/1766
f 1696/1862/1766 1202/1297/1740 407/427/1745 1237/1345/1768
f 1210/1305/1767 1696/1862/1766 1237/1345/1768 406/426/1769
f 393/413/1748 1211/1306/1770 1697/1863/1771 1203/1298/1749
f 1211/1306/1770 392/412/1728 1204/1299/1731 1697/1863/1771
f 1697/1863/1771 1204/1299/1731 416/436/1736 1259/1368/1772
f 1203/1298/1749 1697/1863/1771 1259/1368/1772 417/437/1750
f 389/409/1773 1196/1290/1774 1698/1864/1775 1205/1300/1776
f 1196/1290/1774 390/410/1752 1206/1301/1755 1698/1864/1775
f 1698/1864/1775 1206/1301/1755 414/434/1757 1244/1352/1777
f 1205/1300/1776 1698/1864/1775 1244/1352/1777 413/433/1778
f 402/422/1779 1218/1313/1780 1699/1865/1781 1207/1302/1782
f 1218/1313/1780 399/419/1783 1208/1303/1784 1699/1865/1781
f 1699/1865/1781 1208/1303/1784 423/443/1785 1266/1375/1786
f 1207/1302/1782 1699/1865/1781 1266/1375/1786 426/446/1787
f 381/401/1788 1188/1282/1789 1700/1866/1790 1209/1304/1791
f 1188/1282/1789 382/402/1764 1210/1305/1767 1700/1866/1790
f 1700/1866/1790 1210/1305/1767 406/426/1769 1236/1344/1792
f 1209/1304/1791 1700/1866/1790 1236/1344/1792 405/425/1793
f 13/14/49 463/484/51 1701/1867/1794 1172/1262/1699
f 463/484/51 15/16/57 1230/1333/1795 1701/1867/1794
f 1701/1868/1796 1230/1334/1797 387/407/1798 1193/1287/1799
f 1172/1263/1701 1701/1868/1796 1193/1287/1799 386/406/1702
f 23/24/100 478/499/102 1702/1869/1800 902/957/1691
f 478/500/102 1/1/1 1231/1335/1801 1702/1870/1800
f 1702/1871/1802 1231/1336/1803 380/400/1803 1198/1292/1802
f 902/958/1693 1702/1872/1802 1198/1293/1802 391/411/1694
f 377/397/1196 1185/1278/1203 1703/1873/1804 1232/1337/1805
f 1185/1279/1203 378/398/1202 899/951/1683 1703/1874/1804
f 1703/1875/1806 899/952/1688 402/422/1688 1221/1317/1806
f 1232/1338/1807 1703/1876/1806 1221/1316/1806 401/421/1807
f 372/392/1226 1178/1271/1231 1704/1877/1808 1233/1339/1809
f 1178/1271/1231 371/391/1230 1227/1327/1643 1704/1877/1808
f 1704/1878/1810 1227/1328/1647 395/415/1647 1214/1309/1810
f 1233/1340/1811 1704/1878/1810 1214/1309/1810 396/416/1811
f 374/394/1200 1186/1280/1197 1705/1879/1812 1174/1266/1706
f 1186/1280/1197 377/397/1196 1232/1337/1805 1705/1879/1812
f 1705/1880/1813 1232/1338/1807 401/421/1807 1222/1318/1814
f 1174/1267/1708 1705/1880/1813 1222/1318/1814 398/418/1708
f 9/9/35 457/477/37 1706/1881/1815 895/943/1668
f 457/477/37 11/11/43 904/960/1698 1706/1881/1815
f 1706/1882/1816 904/961/1704 385/405/1704 1191/1285/1817
f 895/944/1670 1706/1882/1816 1191/1285/1817 384/404/1671
f 19/20/79 472/493/81 1707/1883/1818 1224/1321/1660
f 472/493/81 21/22/85 901/955/1690 1707/1883/1818
f 1707/1884/1819 901/956/1695 390/410/1696 1196/1290/1820
f 1224/1322/1662 1707/1884/1819 1196/1290/1820 389/409/1662
f 373/393/1222 1179/1272/1227 1708/1885/1821 1234/1341/1822
f 1179/1272/1227 372/392/1226 1233/1339/1809 1708/1885/1821
f 1708/1886/1823 1233/1340/1811 396/416/1811 1215/1310/1823
f 1234/1342/1824 1708/1886/1823 1215/1310/1823 397/417/1824
f 375/395/1216 1180/1273/1223 1709/1887/1825 900/953/1684
f 1180/1273/1223 373/393/1222 1234/1341/1822 1709/1887/1825
f 1709/1888/1826 1234/1342/1824 397/417/1824 1216/1311/1827
f 900/954/1686 1709/1888/1826 1216/1311/1827 399/419/1687
f 5/5/15 451/471/17 1710/1889/1828 1228/1329/1637
f 451/471/17 7/7/21 1223/1319/1667 1710/1889/1828
f 1710/1890/1829 1223/1320/1673 383/403/1674 1189/1283/1830
f 1228/1330/1639 1710/1890/1829 1189/1283/1830 382/402/1639
f 15/16/57 466/487/59 1711/1891/1831 1230/1333/1795
f 466/487/59 17/18/73 1225/1323/1659 1711/1891/1831
f 1711/1892/1832 1225/1324/1664 388/408/1665 1194/1288/1833
f 1230/1334/1797 1711/1892/1832 1194/1288/1833 387/407/1798
f 1/1/1 444/464/4 1712/1893/1834 1231/1335/1801
f 444/464/4 3/3/9 1229/1331/1636 1712/1893/1834
f 1712/1894/1835 1229/1332/1640 381/401/1641 1187/1281/1836
f 1231/1336/1803 1712/1894/1835 1187/1281/1836 380/400/1803
f 408/428/1743 1239/1347/1837 1713/1895/1838 1247/1356/1839
f 1239/1347/1837 409/429/1840 1248/1357/1841 1713/1895/1838
f 1713/1895/1838 1248/1357/1841 417/437/1750 1259/1368/1772
f 1247/1356/1839 1713/1895/1838 1259/1368/1772 416/436/1736
f 409/429/1840 1240/1348/1842 1714/1896/1843 1248/1357/1841
f 1240/1348/1842 410/430/1844 1249/1358/1845 1714/1896/1843
f 1714/1896/1843 1249/1358/1845 418/438/1716 1260/1369/1751
f 1248/1357/1841 1714/1896/1843 1260/1369/1751 417/437/1750
f 410/430/1844 1241/1349/1846 1715/1897/1847 1249/1358/1845
f 1241/1349/1846 411/431/1848 1250/1359/1849 1715/1897/1847
f 1715/1897/1847 1250/1359/1849 419/439/1718 1261/1370/1717
f 1249/1358/1845 1715/1897/1847 1261/1370/1717 418/438/1716
f 411/431/1848 1242/1350/1850 1716/1898/1851 1250/1359/1849
f 1242/1350/1850 412/432/1852 1251/1360/1853 1716/1898/1851
f 1716/1898/1851 1251/1360/1853 420/440/1854 1262/1371/1855
f 1250/1359/1849 1716/1898/1851 1262/1371/1855 419/439/1718
f 412/432/1852 1243/1351/1856 1717/1899/1857 1251/1360/1853
f 1243/1351/1856 413/433/1778 1252/1361/1858 1717/1899/1857
f 1717/1899/1857 1252/1361/1858 421/441/1859 1263/1372/1860
f 1251/1360/1853 1717/1899/1857 1263/1372/1860 420/440/1854
f 413/433/1778 1244/1352/1777 1718/1900/1861 1252/1361/1858
f 1244/1352/1777 414/434/1757 1254/1363/1862 1718/1900/1861
f 1718/1900/1861 1254/1363/1862 423/443/1785 1264/1373/1863
f 1252/1361/1858 1718/1900/1861 1264/1373/1863 421/441/1859
f 405/425/1793 1236/1344/1792 1719/1901/1864 1253/1362/1865
f 1236/1344/1792 406/426/1769 1255/1364/1866 1719/1901/1864
f 1719/1901/1864 1255/1364/1866 424/444/1762 1265/1374/1867
f 1253/1362/1865 1719/1901/1864 1265/1374/1867 422/442/1868
f 414/434/1757 1245/1353/1756 1720/1902/1869 1254/1363/1862
f 1245/1353/1756 415/435/1727 1257/1366/1870 1720/1902/1869
f 1720/1902/1869 1257/1366/1870 426/446/1787 1266/1375/1786
f 1254/1363/1862 1720/1902/1869 1266/1375/1786 423/443/1785
f 406/426/1769 1237/1345/1768 1721/1903/1871 1255/1364/1866
f 1237/1345/1768 407/427/1745 1258/1367/1872 1721/1903/1871
f 1721/1903/1871 1258/1367/1872 427/447/1734 1267/1376/1763
f 1255/1364/1866 1721/1903/1871 1267/1376/1763 424/444/1762
f 407/427/1745 1238/1346/1744 1722/1904/1873 1258/1367/1872
f 1238/1346/1744 408/428/1743 1247/1356/1839 1722/1904/1873
f 1722/1904/1873 1247/1356/1839 416/436/1736 1268/1377/1735
f 1258/1367/1872 1722/1904/1873 1268/1377/1735 427/447/1734
f 415/435/1727 1246/1354/1726 1723/1906/1874 1257/1366/1870
f 1246/1355/1726 404/424/1725 1256/1365/1875 1723/1905/1874
f 1723/1905/1874 1256/1365/1875 425/445/1876 1269/1379/1877
f 1257/1366/1870 1723/1906/1874 1269/1378/1877 426/446/1787
f 404/424/1725 1235/1343/1878 1724/1907/1879 1256/1365/1875
f 1235/1343/1878 405/425/1793 1253/1362/1865 1724/1907/1879
f 1724/1907/1879 1253/1362/1865 422/442/1868 1270/1380/1880
f 1256/1365/1875 1724/1907/1879 1270/1380/1880 425/445/1876
f 384/404/1741 1191/1285/1881 1725/1908/1882 1272/1382/1742
f 1191/1285/1881 385/405/1883 1275/1385/1884 1725/1908/1882
f 1725/1908/1882 1275/1385/1884 409/429/1840 1239/1347/1837
f 1272/1382/1742 1725/1908/1882 1239/1347/1837 408/428/1743
f 401/421/1885 1221/1316/1886 1726/1910/1887 1276/1386/1888
f 1221/1317/1886 402/422/1779 1207/1302/1782 1726/1909/1887
f 1726/1909/1887 1207/1302/1782 426/446/1787 1269/1378/1877
f 1276/1386/1888 1726/1910/1887 1269/1379/1877 425/445/1876
f 396/416/1889 1214/1309/1890 1727/1911/1891 1277/1387/1892
f 1214/1309/1890 395/415/1710 1274/1384/1713 1727/1911/1891
f 1727/1911/1891 1274/1384/1713 419/439/1718 1262/1371/1855
f 1277/1387/1892 1727/1911/1891 1262/1371/1855 420/440/1854
f 385/405/1883 1192/1286/1893 1728/1912/1894 1275/1385/1884
f 1192/1286/1893 386/406/1895 1278/1388/1896 1728/1912/1894
f 1728/1912/1894 1278/1388/1896 410/430/1844 1240/1348/1842
f 1275/1385/1884 1728/1912/1894 1240/1348/1842 409/429/1840
f 398/418/1897 1222/1318/1898 1729/1913/1899 1279/1389/1900
f 1222/1318/1898 401/421/1885 1276/1386/1888 1729/1913/1899
f 1729/1913/1899 1276/1386/1888 425/445/1876 1270/1380/1880
f 1279/1389/1900 1729/1913/1899 1270/1380/1880 422/442/1868
f 397/417/1901 1215/1310/1902 1730/1914/1903 1280/1390/1904
f 1215/1310/1902 396/416/1889 1277/1387/1892 1730/1914/1903
f 1730/1914/1903 1277/1387/1892 420/440/1854 1263/1372/1860
f 1280/1390/1904 1730/1914/1903 1263/1372/1860 421/441/1859
f 386/406/1895 1193/1287/1905 1731/1915/1906 1278/1388/1896
f 1193/1287/1905 387/407/1907 1281/1391/1908 1731/1915/1906
f 1731/1915/1906 1281/1391/1908 411/431/1848 1241/1349/1846
f 1278/1388/1896 1731/1915/1906 1241/1349/1846 410/430/1844
f 399/419/1783 1216/1311/1909 1732/1916/1910 1208/1303/1784
f 1216/1311/1909 397/417/1901 1280/1390/1904 1732/1916/1910
f 1732/1916/1910 1280/1390/1904 421/441/1859 1264/1373/1863
f 1208/1303/1784 1732/1916/1910 1264/1373/1863 423/443/1785
f 387/407/1907 1194/1288/1911 1733/1917/1912 1281/1391/1908
f 1194/1288/1911 388/408/1913 1282/1392/1914 1733/1917/1912
f 1733/1917/1912 1282/1392/1914 412/432/1852 1242/1350/1850
f 1281/1391/1908 1733/1917/1912 1242/1350/1850 411/431/1848
f 380/400/1723 1187/1281/1915 1734/1918/1916 1273/1383/1724
f 1187/1281/1915 381/401/1788 1209/1304/1791 1734/1918/1916
f 1734/1918/1916 1209/1304/1791 405/425/1793 1235/1343/1878
f 1273/1383/1724 1734/1918/1916 1235/1343/1878 404/424/1725
f 400/420/1760 1217/1312/1917 1735/1919/1918 1201/1296/1761
f 1217/1312/1917 398/418/1897 1279/1389/1900 1735/1919/1918
f 1735/1919/1918 1279/1389/1900 422/442/1868 1265/1374/1867
f 1201/1296/1761 1735/1919/1918 1265/1374/1867 424/444/1762
f 388/408/1913 1195/1289/1919 1736/1920/1920 1282/1392/1914
f 1195/1289/1919 389/409/1773 1205/1300/1776 1736/1920/1920
f 1736/1920/1920 1205/1300/1776 413/433/1778 1243/1351/1856
f 1282/1392/1914 1736/1920/1920 1243/1351/1856 412/432/1852
f 216/232/869 843/891/941 1737/1921/1921 860/908/1922
f 843/891/941 208/224/938 1298/1408/1923 1737/1921/1921
f 1737/1921/1921 1298/1408/1923 443/463/1026 1299/1409/1102
f 860/908/1922 1737/1921/1921 1299/1409/1102 442/462/1072
f 213/229/951 833/881/956 1738/1922/1924 858/906/1925
f 833/881/956 210/226/908 1296/1406/1926 1738/1922/1924
f 1738/1922/1924 1296/1406/1926 441/461/1002 1300/1410/1098
f 858/906/1925 1738/1922/1924 1300/1410/1098 440/460/1018
f 222/238/932 844/892/931 1739/1923/1927 856/904/1928
f 844/892/931 218/234/930 1294/1404/1929 1739/1923/1927
f 1739/1923/1927 1294/1404/1929 439/459/1054 1301/1411/1094
f 856/904/1928 1739/1923/1927 1301/1411/1094 438/458/994
f 215/231/897 834/882/923 1740/1924/1930 854/902/1931
f 834/882/923 214/230/922 1292/1402/1932 1740/1924/1930
f 1740/1924/1930 1292/1402/1932 437/457/990 1302/1412/1090
f 854/902/1931 1740/1924/1930 1302/1412/1090 436/456/1080
f 212/228/917 845/893/916 1741/1925/1933 852/900/1934
f 845/893/916 220/236/915 1290/1400/1935 1741/1925/1933
f 1741/1925/1933 1290/1400/1935 435/455/1038 1303/1413/1086
f 852/900/1934 1741/1925/1933 1303/1413/1086 434/454/982
f 207/223/899 838/886/898 1742/1926/1936 851/899/1937
f 838/886/898 215/231/897 854/902/1931 1742/1926/1936
f 1742/1926/1936 854/902/1931 436/456/1080 1304/1414/1078
f 851/899/1937 1742/1926/1936 1304/1414/1078 433/453/1030
f 217/233/871 835/883/870 1743/1927/1938 850/898/1939
f 835/883/870 216/232/869 860/908/1922 1743/1927/1938
f 1743/1927/1938 860/908/1922 442/462/1072 1305/1415/1070
f 850/898/1939 1743/1927/1938 1305/1415/1070 432/452/1064
f 209/225/906 839/887/977 1744/1928/1940 849/897/1941
f 839/887/977 217/233/871 850/898/1939 1744/1928/1940
f 1744/1928/1940 850/898/1939 432/452/1064 1306/1416/1062
f 849/897/1941 1744/1928/1940 1306/1416/1062 431/451/1006
f 218/234/930 836/884/974 1745/1929/1942 1294/1404/1929
f 836/884/974 219/235/968 1285/1395/1943 1745/1929/1942
f 1745/1929/1942 1285/1395/1943 430/450/1046 1307/1417/1055
f 1294/1404/1929 1745/1929/1942 1307/1417/1055 439/459/1054
f 219/235/968 840/888/967 1746/1930/1944 1285/1395/1943
f 840/888/967 211/227/966 1284/1394/1945 1746/1930/1944
f 1746/1930/1944 1284/1394/1945 429/449/978 1308/1418/1047
f 1285/1395/1943 1746/1930/1944 1308/1418/1047 430/450/1046
f 220/236/915 837/885/959 1747/1931/1946 1290/1400/1935
f 837/885/959 221/237/953 1283/1393/1947 1747/1931/1946
f 1747/1931/1946 1283/1393/1947 428/448/1014 1309/1419/1039
f 1290/1400/1935 1747/1931/1946 1309/1419/1039 435/455/1038
f 208/224/938 830/878/937 1748/1932/1948 1298/1408/1923
f 830/878/937 207/223/899 851/899/1937 1748/1932/1948
f 1748/1932/1948 851/899/1937 433/453/1030 1310/1420/1027
f 1298/1408/1923 1748/1932/1948 1310/1420/1027 443/463/1026
f 221/237/953 841/889/952 1749/1933/1949 1283/1393/1947
f 841/889/952 213/229/951 858/906/1925 1749/1933/1949
f 1749/1933/1949 858/906/1925 440/460/1018 1311/1421/1015
f 1283/1393/1947 1749/1933/1949 1311/1421/1015 428/448/1014
f 210/226/908 831/879/907 1750/1934/1950 1296/1406/1926
f 831/879/907 209/225/906 849/897/1941 1750/1934/1950
f 1750/1934/1950 849/897/1941 431/451/1006 1312/1422/1003
f 1296/1406/1926 1750/1934/1950 1312/1422/1003 441/461/1002
f 214/230/922 842/890/944 1751/1935/1951 1292/1402/1932
f 842/890/944 222/238/932 856/904/1928 1751/1935/1951
f 1751/1935/1951 856/904/1928 438/458/994 1313/1423/991
f 1292/1402/1932 1751/1935/1951 1313/1423/991 437/457/990
f 211/227/966 832/880/971 1752/1936/1952 1284/1394/1945
f 832/880/971 212/228/917 852/900/1934 1752/1936/1952
f 1752/1936/1952 852/900/1934 434/454/982 1314/1424/979
f 1284/1394/1945 1752/1936/1952 1314/1424/979 429/449/978
f 1754/1939/1953 1777/1973/1954 1778/1975/1955 1753/1938/1956
f 1777/1973/1954 1755/1940/1957 1756/1942/1958 1778/1975/1955
f 1755/1940/1957 1779/1976/1959 1780/1978/1959 1756/1942/1958
f 1779/1976/1959 1757/1943/1960 1758/1945/1961 1780/1978/1959
f 1757/1943/1960 1781/1979/1962 1782/1981/1963 1758/1945/1961
f 1781/1979/1962 1759/1946/1964 1760/1948/1965 1782/1981/1963
f 1759/1946/1964 1783/1982/113 1784/1984/1966 1760/1948/1965
f 1783/1982/113 1761/1949/112 1762/1951/1967 1784/1984/1966
f 1761/1949/112 1785/1985/1968 1786/1987/1968 1762/1951/1967
f 1785/1985/1968 1763/1952/1150 1764/1954/1969 1786/1987/1968
f 1763/1952/1150 1787/1988/1328 1788/1990/1970 1764/1954/1969
f 1787/1988/1328 1765/1955/1971 1766/1957/1972 1788/1990/1970
f 1765/1955/1971 1789/1991/1973 1790/1993/1974 1766/1957/1972
f 1789/1991/1973 1767/1958/1975 1768/1960/1976 1790/1993/1974
f 1767/1958/1975 1791/1994/1977 1792/1996/1977 1768/1960/1976
f 1791/1994/1977 1769/1961/1978 1770/1963/1979 1792/1996/1977
f 1769/1961/1978 1793/1997/1980 1794/1999/1981 1770/1963/1979
f 1793/1997/1980 1771/1964/1982 1772/1966/1983 1794/1999/1981
f 1771/1964/1982 1795/2000/1182 1796/2002/1984 1772/1966/1983
f 1795/2000/1182 1773/1967/1181 1774/1969/1985 1796/2002/1984
f 1773/1967/1181 1797/2003/1986 1798/2005/1986 1774/1969/1985
f 1797/2003/1986 1776/1972/1171 1775/1971/1987 1798/2005/1986
f 1776/1972/1171 1799/2006/1170 1800/2009/1988 1775/1971/1987
f 1799/2007/1170 1754/1939/1953 1753/1938/1956 1800/2010/1988
f 894/942/1192 1539/1663/1195 1777/1973/1321 1754/1939/1318
